Product_ID,Product_Category,Product_Price,Discount_Applied,Return_Status,Return_Probability,Risk_Score
PROD00006759,Clothing,375.6,40.31,1,0.6606673310179707,66.07
PROD00003023,Home,225.51,45.56,1,0.6503610741984028,65.04
PROD00009038,Clothing,110.14,27.5,1,0.6494130282260687,64.94
PROD00000740,Clothing,403.35,48.18,1,0.6486067401466521,64.86
PROD00004546,Clothing,59.1,49.35,1,0.6483637486365134,64.84
PROD00003143,Electronics,106.75,22.74,1,0.6482010328261254,64.82
PROD00006586,Books,28.55,39.82,1,0.6481094670041156,64.81
PROD00004281,Clothing,136.4,48.28,0,0.6458861380908207,64.59
PROD00004478,Electronics,342.96,39.84,0,0.6458449857061475,64.58
PROD00009900,Clothing,109.93,48.38,1,0.6450005286371178,64.5
PROD00008724,Clothing,456.95,10.65,0,0.6407841747840167,64.08
PROD00009665,Clothing,203.59,29.43,0,0.6402893074291252,64.03
PROD00003229,Electronics,390.62,39.91,0,0.6393331958022378,63.93
PROD00008250,Home,115.56,35.68,0,0.6391670245143649,63.92
PROD00001909,Clothing,157.29,37.58,1,0.6379217437107186,63.79
PROD00008987,Toys,176.22,44.84,0,0.6378382231842806,63.78
PROD00009513,Clothing,285.58,33.96,0,0.637778565125473,63.78
PROD00007187,Books,36.05,2.21,0,0.6377609370559957,63.78
PROD00007827,Toys,74.11,41.75,1,0.6373503338709788,63.74
PROD00009345,Clothing,487.57,29.86,0,0.6369707163779376,63.7
PROD00005531,Clothing,241.52,20.68,0,0.6359675505464257,63.6
PROD00004110,Home,99.13,41.33,0,0.634054981236043,63.41
PROD00006303,Clothing,295.77,38.35,1,0.6333075656045638,63.33
PROD00005524,Books,69.18,40.71,0,0.6332397529225466,63.32
PROD00002627,Electronics,40.26,43.92,0,0.632632014140946,63.26
PROD00004686,Clothing,90.21,39.49,1,0.6324192537210391,63.24
PROD00008686,Home,211.65,19.92,0,0.6310960745619169,63.11
PROD00003907,Clothing,13.37,41.37,1,0.630646080214047,63.06
PROD00001332,Toys,81.78,16.89,0,0.6303278176524008,63.03
PROD00001118,Electronics,42.38,30.34,1,0.6299983346260432,63.0
PROD00000835,Electronics,270.07,27.05,1,0.630049350979118,63.0
PROD00009430,Books,114.16,26.31,0,0.6288771850466783,62.89
PROD00008434,Toys,498.63,41.21,0,0.628545471493731,62.85
PROD00001266,Electronics,69.91,37.71,1,0.6284185392092191,62.84
PROD00003368,Books,307.84,20.25,1,0.6260588503799109,62.61
PROD00009789,Electronics,295.19,13.16,0,0.625634557642682,62.56
PROD00008584,Clothing,367.48,36.58,0,0.6246018707446556,62.46
PROD00006953,Books,496.94,45.72,1,0.6237328589196116,62.37
PROD00000291,Clothing,181.12,31.29,1,0.6234467120698383,62.34
PROD00006223,Electronics,426.07,33.43,0,0.6229189280684149,62.29
PROD00002045,Home,85.87,36.96,0,0.6228347099047903,62.28
PROD00002567,Electronics,447.27,34.69,1,0.6227758207463058,62.28
PROD00005470,Books,76.93,46.5,0,0.6227588103490801,62.28
PROD00004036,Electronics,17.72,18.73,0,0.6227030893177246,62.27
PROD00001325,Clothing,482.67,36.74,1,0.622071896047432,62.21
PROD00000941,Clothing,403.01,47.34,0,0.6210802856704807,62.11
PROD00007797,Books,183.19,40.78,1,0.6194900333475485,61.95
PROD00003691,Home,221.96,39.83,1,0.6191182353626805,61.91
PROD00003300,Clothing,451.89,10.51,0,0.6188591489032796,61.89
PROD00005449,Home,288.02,43.52,0,0.6177389930021568,61.77
PROD00008433,Electronics,184.59,37.81,1,0.6175462849223282,61.75
PROD00004325,Clothing,121.7,35.63,0,0.6172400661376857,61.72
PROD00009721,Electronics,413.75,26.11,0,0.6170117209882463,61.7
PROD00005914,Electronics,110.44,25.1,0,0.6166876583064831,61.67
PROD00008782,Clothing,30.75,16.08,0,0.6160867258413631,61.61
PROD00009392,Toys,83.62,9.91,1,0.6158913267364983,61.59
PROD00009528,Clothing,345.12,10.88,1,0.6151696184559103,61.52
PROD00007659,Home,176.81,45.82,1,0.6151875464455104,61.52
PROD00008999,Books,441.33,49.97,1,0.6150206082784987,61.5
PROD00007136,Home,90.0,24.37,0,0.6149361153357099,61.49
PROD00009616,Books,288.95,20.06,0,0.6147116093901749,61.47
PROD00009453,Home,217.78,10.55,0,0.6146258029414862,61.46
PROD00006685,Electronics,28.62,43.16,0,0.6144505983544124,61.45
PROD00008381,Books,5.36,40.99,0,0.6136526818103888,61.37
PROD00006190,Books,63.79,28.03,1,0.6137298774347113,61.37
PROD00005916,Electronics,255.06,31.43,0,0.6132797963158026,61.33
PROD00007558,Toys,348.39,4.3,1,0.6132279561963544,61.32
PROD00006679,Clothing,66.78,18.18,0,0.6131019889550082,61.31
PROD00001193,Clothing,459.98,17.61,0,0.613111527275534,61.31
PROD00002541,Toys,49.89,47.66,0,0.6128753020252112,61.29
PROD00005713,Books,7.13,31.75,1,0.6127966360881923,61.28
PROD00006538,Home,99.16,37.82,1,0.612622560430563,61.26
PROD00002646,Clothing,85.98,35.5,0,0.6125212594560878,61.25
PROD00004014,Clothing,256.93,7.49,0,0.6122823053171427,61.23
PROD00002529,Clothing,379.97,44.89,0,0.6121005831719678,61.21
PROD00006389,Clothing,313.92,16.86,0,0.611936744526899,61.19
PROD00001366,Clothing,443.31,23.37,1,0.6113639024197777,61.14
PROD00005962,Toys,273.96,24.7,1,0.6112858638413924,61.13
PROD00006533,Home,243.67,39.48,0,0.6111977261802501,61.12
PROD00005958,Home,318.83,15.06,1,0.6110982056916551,61.11
PROD00001456,Clothing,235.29,16.98,1,0.6109448439693971,61.09
PROD00001023,Clothing,131.99,4.85,1,0.6109335503852055,61.09
PROD00009582,Toys,287.79,38.93,0,0.6105314970425305,61.05
PROD00003250,Electronics,226.48,32.3,1,0.610546781281033,61.05
PROD00002715,Clothing,108.29,22.11,1,0.6100301767915796,61.0
PROD00002981,Electronics,156.65,42.82,1,0.6094316808323569,60.94
PROD00003753,Books,122.7,29.11,1,0.6085124965150984,60.85
PROD00001571,Clothing,96.47,20.96,1,0.6084171476072718,60.84
PROD00005423,Books,158.46,39.19,1,0.6083439775830805,60.83
PROD00005466,Clothing,36.93,9.4,0,0.6079156471288508,60.79
PROD00003663,Clothing,401.04,38.8,0,0.6074211114830256,60.74
PROD00005384,Toys,288.18,39.84,0,0.6072992024052265,60.73
PROD00008033,Electronics,138.37,37.31,1,0.6070682732006181,60.71
PROD00001550,Books,286.67,10.16,1,0.6071081305436448,60.71
PROD00008388,Electronics,486.24,41.71,1,0.6063297010702172,60.63
PROD00001561,Electronics,205.52,49.99,1,0.606301150046291,60.63
PROD00000457,Electronics,297.63,45.52,0,0.6061047892760546,60.61
PROD00007704,Books,151.73,36.3,0,0.6060244372846505,60.6
PROD00000709,Clothing,228.78,10.66,0,0.6060253661019688,60.6
PROD00003381,Toys,169.05,28.59,0,0.6057058221851594,60.57
PROD00002445,Clothing,29.68,42.7,1,0.6057292202197817,60.57
PROD00009629,Clothing,317.66,8.11,1,0.6052030710172176,60.52
PROD00002040,Home,83.51,48.33,0,0.6047575960108325,60.48
PROD00008321,Electronics,296.27,7.55,0,0.604478738376067,60.45
PROD00002220,Electronics,49.04,7.34,1,0.6044262618228192,60.44
PROD00002624,Books,283.53,33.68,1,0.6043325352512042,60.43
PROD00006450,Home,160.68,3.25,0,0.6041964067411323,60.42
PROD00008331,Clothing,103.22,15.01,0,0.6039313369134767,60.39
PROD00002282,Books,102.0,24.68,1,0.6038046688725425,60.38
PROD00005004,Toys,64.35,26.75,1,0.603508288037994,60.35
PROD00008341,Electronics,192.01,46.17,0,0.6029936017324417,60.3
PROD00003952,Home,155.55,12.95,1,0.6029090965940723,60.29
PROD00004104,Clothing,327.64,35.97,1,0.6027490796782717,60.27
PROD00006957,Toys,166.99,19.97,0,0.6026796749046189,60.27
PROD00009894,Home,186.85,27.8,0,0.6024422161277484,60.24
PROD00008415,Electronics,219.27,39.84,1,0.6022105304051576,60.22
PROD00001064,Electronics,419.47,40.03,0,0.6020482009644298,60.2
PROD00000376,Clothing,363.54,46.68,1,0.6011858483912716,60.12
PROD00000283,Electronics,411.49,21.99,1,0.6010635763914612,60.11
PROD00002147,Electronics,144.28,45.56,1,0.6009645509161096,60.1
PROD00007622,Books,337.35,30.61,1,0.6009719225085614,60.1
PROD00002079,Clothing,417.16,16.49,0,0.6008136335905377,60.08
PROD00003187,Home,214.54,8.35,0,0.6006370457448993,60.06
PROD00006276,Clothing,140.86,18.11,1,0.6002287936922044,60.02
PROD00006300,Books,128.22,48.25,0,0.5999918644464582,60.0
PROD00007139,Home,452.21,37.68,0,0.5999225253561044,59.99
PROD00006194,Electronics,101.91,34.93,0,0.5992157780789412,59.92
PROD00003743,Books,198.28,44.0,1,0.5991115403077806,59.91
PROD00003579,Electronics,182.35,31.63,1,0.5988221939959905,59.88
PROD00003106,Home,47.29,18.85,1,0.5981080994413648,59.81
PROD00008616,Electronics,65.17,5.93,0,0.598020807461681,59.8
PROD00003641,Books,90.08,5.51,0,0.5974552206220437,59.75
PROD00001304,Electronics,129.12,28.1,0,0.597427720790005,59.74
PROD00008929,Books,147.86,45.66,0,0.5972206591737482,59.72
PROD00005544,Electronics,33.26,15.21,0,0.5968849685791808,59.69
PROD00002963,Clothing,37.68,3.56,1,0.5968050355816986,59.68
PROD00002883,Books,223.96,16.19,1,0.5968204513504027,59.68
PROD00005624,Books,180.5,7.16,0,0.5967554636266946,59.68
PROD00004577,Home,314.49,8.86,0,0.5963089014881585,59.63
PROD00007498,Clothing,240.27,18.26,0,0.5961681578243782,59.62
PROD00003969,Clothing,439.04,20.87,0,0.5958072533841579,59.58
PROD00003183,Clothing,81.14,25.62,0,0.5954059362592533,59.54
PROD00008125,Electronics,43.0,46.64,1,0.5942986014220623,59.43
PROD00005839,Clothing,63.9,1.3,0,0.5940882917245152,59.41
PROD00005912,Home,378.1,34.61,1,0.5940365876859611,59.4
PROD00009001,Toys,195.46,30.46,0,0.5937555408253409,59.38
PROD00009444,Clothing,198.46,21.72,1,0.5938233883626699,59.38
PROD00006252,Electronics,255.03,38.26,0,0.5937597256566097,59.38
PROD00003447,Toys,493.47,35.63,0,0.5937352664363815,59.37
PROD00007463,Clothing,211.31,34.3,0,0.5935610915753097,59.36
PROD00002677,Electronics,32.66,39.32,0,0.5935485808632666,59.35
PROD00000186,Clothing,360.81,49.0,1,0.5934210688666625,59.34
PROD00003292,Books,380.98,35.05,0,0.5934442946560473,59.34
PROD00001442,Toys,490.27,38.89,1,0.5931345485773724,59.31
PROD00006483,Books,486.03,32.85,0,0.5928201481141945,59.28
PROD00002517,Clothing,312.33,47.97,1,0.5924498676515748,59.24
PROD00002209,Books,166.74,27.49,0,0.5920491003273837,59.2
PROD00009091,Home,173.98,22.98,0,0.5919278606719239,59.19
PROD00001443,Clothing,229.06,31.38,0,0.591847811235008,59.18
PROD00000226,Books,143.01,46.55,0,0.5915880257832297,59.16
PROD00000554,Books,391.94,28.18,1,0.5914638138663156,59.15
PROD00000769,Clothing,29.51,3.39,0,0.5914093866160315,59.14
PROD00007040,Home,74.69,47.38,0,0.5909683885264899,59.1
PROD00001310,Books,390.61,12.16,1,0.5905415779304394,59.05
PROD00007037,Clothing,432.12,16.48,1,0.590537001691641,59.05
PROD00000601,Toys,39.22,24.47,1,0.5900233060690555,59.0
PROD00006462,Home,74.11,48.93,0,0.5899590402975303,59.0
PROD00002256,Home,99.09,15.0,0,0.5898866099062944,58.99
PROD00006734,Electronics,344.84,30.01,0,0.5893975267581817,58.94
PROD00001179,Toys,404.27,35.26,1,0.5892860356065657,58.93
PROD00004008,Electronics,248.23,40.97,0,0.58928413304769,58.93
PROD00003405,Toys,191.79,43.94,1,0.5891425685078093,58.91
PROD00005662,Home,61.25,16.95,1,0.5889762449193587,58.9
PROD00006338,Electronics,25.31,16.76,0,0.588994288079448,58.9
PROD00000583,Toys,460.49,4.81,1,0.5884707428123479,58.85
PROD00006402,Clothing,226.83,43.96,1,0.5881636026127478,58.82
PROD00000637,Home,14.86,22.43,0,0.5881124805908334,58.81
PROD00004121,Books,372.05,30.47,1,0.5878332317802825,58.78
PROD00005331,Books,8.01,28.09,1,0.5875643038019347,58.76
PROD00005175,Electronics,81.15,13.1,0,0.587542277077633,58.75
PROD00004447,Home,181.98,11.92,1,0.5874312745931468,58.74
PROD00000180,Clothing,233.21,2.79,0,0.5872743160451386,58.73
PROD00003775,Books,122.18,48.13,0,0.5869159573387811,58.69
PROD00002393,Home,460.87,38.62,1,0.5867708825086708,58.68
PROD00008128,Books,483.07,0.09,1,0.5866947457423344,58.67
PROD00009539,Books,126.6,41.84,0,0.5864392001274271,58.64
PROD00009032,Clothing,309.9,35.49,1,0.5863653810844487,58.64
PROD00003261,Toys,270.58,7.4,0,0.5861605340572178,58.62
PROD00001831,Home,168.91,42.55,1,0.5862045021173649,58.62
PROD00009302,Clothing,252.57,37.03,0,0.5861829352302023,58.62
PROD00007059,Books,8.07,7.41,0,0.5862295031592989,58.62
PROD00007668,Electronics,217.4,36.75,0,0.5861174143648467,58.61
PROD00005569,Electronics,159.18,14.37,1,0.5861200463327569,58.61
PROD00008908,Books,498.71,21.4,0,0.5860460138268068,58.6
PROD00007327,Clothing,313.72,13.86,0,0.5857697092139238,58.58
PROD00006777,Books,413.05,28.46,1,0.5853619034456413,58.54
PROD00001964,Books,482.64,17.64,0,0.5853295600830614,58.53
PROD00001982,Clothing,320.18,40.96,0,0.5851901089920332,58.52
PROD00009717,Clothing,356.94,16.04,1,0.5852335251522391,58.52
PROD00007633,Books,36.14,21.8,0,0.5851339885365469,58.51
PROD00000192,Clothing,178.98,21.41,0,0.584935900245842,58.49
PROD00009274,Electronics,81.86,18.81,1,0.5848497202541554,58.48
PROD00002724,Clothing,470.4,29.01,1,0.5846305879145385,58.46
PROD00007879,Books,230.02,39.76,1,0.5845369900717903,58.45
PROD00001856,Toys,430.34,15.63,1,0.5842103321744332,58.42
PROD00002899,Books,181.39,13.64,1,0.5839358684926862,58.39
PROD00001448,Home,10.79,31.73,1,0.5838643084348409,58.39
PROD00000814,Clothing,155.7,27.91,0,0.5838360267607419,58.38
PROD00000649,Electronics,393.02,15.11,1,0.5835518523948432,58.36
PROD00000830,Electronics,489.06,29.77,1,0.5830678365123964,58.31
PROD00008444,Electronics,236.58,43.31,1,0.5829295465782234,58.29
PROD00002170,Books,219.58,4.08,0,0.5824726006137116,58.25
PROD00004687,Toys,232.73,32.34,1,0.5821000008506428,58.21
PROD00003034,Books,27.96,20.07,1,0.5820004370637115,58.2
PROD00003904,Toys,23.06,11.39,1,0.5817396137840184,58.17
PROD00003717,Books,170.27,32.42,0,0.5815551364814913,58.16
PROD00006181,Books,361.48,45.19,1,0.5813014150296447,58.13
PROD00008115,Electronics,414.07,19.81,1,0.5811184643743801,58.11
PROD00003824,Home,231.4,38.7,0,0.5810744941282235,58.11
PROD00006821,Home,5.9,23.06,1,0.5811320145787304,58.11
PROD00007372,Electronics,139.17,18.37,1,0.5808781101479605,58.09
PROD00005981,Clothing,81.4,46.44,0,0.5805602647891773,58.06
PROD00003413,Toys,179.96,30.07,0,0.5804043500007565,58.04
PROD00008230,Clothing,224.81,0.34,1,0.5798783915183792,57.99
PROD00001369,Home,327.77,25.27,1,0.5797880013978798,57.98
PROD00004835,Clothing,101.46,5.39,1,0.5798465945955791,57.98
PROD00001707,Electronics,40.04,47.02,1,0.5792981152446753,57.93
PROD00006029,Clothing,303.23,44.84,0,0.5792119122354524,57.92
PROD00005913,Clothing,343.85,4.49,1,0.5791438484211514,57.91
PROD00005025,Books,296.48,19.87,1,0.5788127319626616,57.88
PROD00000652,Electronics,175.33,22.19,1,0.5787625214336415,57.88
PROD00006883,Clothing,188.06,47.38,1,0.5785445459933906,57.85
PROD00002746,Clothing,126.56,45.83,1,0.5783475471207288,57.83
PROD00001067,Home,144.91,34.91,1,0.578209400278815,57.82
PROD00008222,Home,256.64,47.29,0,0.5780867214308042,57.81
PROD00005834,Books,56.87,28.98,0,0.5773917286936336,57.74
PROD00008284,Electronics,53.76,34.75,0,0.5774457143681136,57.74
PROD00009797,Books,346.65,13.36,0,0.5772736490783351,57.73
PROD00006736,Home,207.73,46.17,1,0.5772274471479305,57.72
PROD00009593,Toys,334.0,46.56,1,0.5768686327565276,57.69
PROD00006293,Electronics,67.32,1.78,1,0.5768416820994299,57.68
PROD00005172,Toys,443.82,34.51,1,0.5767522220330956,57.68
PROD00003864,Books,463.42,15.55,0,0.5765703483486088,57.66
PROD00000556,Electronics,355.68,2.26,0,0.5764259686943419,57.64
PROD00004452,Home,82.81,25.51,0,0.576156604133239,57.62
PROD00000031,Electronics,481.73,20.03,0,0.5759156469928454,57.59
PROD00000284,Clothing,389.91,35.5,1,0.575936518218927,57.59
PROD00001432,Toys,259.22,48.43,1,0.5754366661121897,57.54
PROD00006748,Electronics,71.51,39.85,1,0.5752198197559979,57.52
PROD00006830,Books,374.79,6.05,0,0.5751876205375841,57.52
PROD00000119,Clothing,468.62,46.77,0,0.5749922973012064,57.5
PROD00000093,Home,230.9,26.62,1,0.574876810031486,57.49
PROD00001746,Toys,81.46,3.35,0,0.5747728825759282,57.48
PROD00004063,Clothing,362.15,19.44,1,0.5746781510989667,57.47
PROD00009206,Toys,468.41,38.5,0,0.5745222825059322,57.45
PROD00009437,Electronics,183.59,46.11,0,0.5743974622288097,57.44
PROD00005251,Clothing,31.45,20.31,0,0.5739971702923683,57.4
PROD00002903,Books,263.53,40.19,1,0.5736783100529472,57.37
PROD00001895,Clothing,205.54,39.84,0,0.5734456737751942,57.34
PROD00005110,Home,229.47,29.91,0,0.573202790102454,57.32
PROD00003221,Books,305.99,4.05,1,0.5732026625743694,57.32
PROD00009102,Electronics,217.16,33.38,0,0.5729795564191483,57.3
PROD00009214,Home,307.04,34.94,1,0.5728125941847941,57.28
PROD00004815,Home,185.73,34.6,0,0.5726957786813598,57.27
PROD00008344,Toys,119.76,29.07,0,0.5725475618736439,57.25
PROD00003285,Books,289.71,8.26,1,0.5723230725217625,57.23
PROD00002447,Books,100.2,31.93,0,0.5723109632102042,57.23
PROD00003281,Clothing,291.24,39.45,1,0.5721737101708548,57.22
PROD00005143,Electronics,71.13,8.88,1,0.5719720425825975,57.2
PROD00003767,Clothing,112.68,0.82,1,0.5718918755619828,57.19
PROD00000646,Toys,195.91,0.78,0,0.5718217990866858,57.18
PROD00006567,Books,485.82,40.06,1,0.5714436259304259,57.14
PROD00005530,Clothing,38.35,2.93,1,0.5713391408250511,57.13
PROD00004509,Home,33.99,6.0,1,0.5711812430346476,57.12
PROD00000256,Clothing,80.4,9.56,0,0.5711396043522219,57.11
PROD00006094,Toys,407.77,46.75,1,0.5710297123514019,57.1
PROD00003950,Clothing,222.05,8.77,1,0.5710170015066617,57.1
PROD00003759,Books,393.62,32.54,1,0.5705759925162672,57.06
PROD00005109,Toys,239.99,41.41,0,0.5701922714949257,57.02
PROD00006973,Toys,187.45,37.67,0,0.5699762050902764,57.0
PROD00002669,Toys,366.28,7.91,0,0.569877048366377,56.99
PROD00005883,Electronics,201.88,41.32,0,0.5699145136174963,56.99
PROD00003874,Books,64.17,16.56,0,0.5696384953698068,56.96
PROD00000915,Toys,129.34,5.02,1,0.5693917031247107,56.94
PROD00003345,Clothing,234.71,31.07,0,0.5691778153632843,56.92
PROD00002466,Books,203.26,45.75,1,0.5692032708493262,56.92
PROD00006750,Home,24.02,49.75,1,0.5691419119791955,56.91
PROD00000998,Electronics,355.25,44.2,1,0.5690575761160757,56.91
PROD00001842,Toys,198.84,12.06,0,0.5689155192331689,56.89
PROD00001960,Home,73.19,12.41,0,0.568874058331125,56.89
PROD00008217,Clothing,241.12,41.62,1,0.5687680668396959,56.88
PROD00003379,Electronics,482.0,28.9,0,0.5687181022874283,56.87
PROD00000146,Clothing,328.09,8.73,0,0.5687198361076645,56.87
PROD00004310,Clothing,389.06,4.23,0,0.5686893556248643,56.87
PROD00001924,Electronics,6.36,39.07,1,0.5686395151478267,56.86
PROD00001881,Clothing,17.41,6.13,0,0.5685425385670692,56.85
PROD00002134,Home,57.95,1.25,1,0.5684280817948908,56.84
PROD00002334,Electronics,480.49,18.76,1,0.5679018009663447,56.79
PROD00005413,Toys,414.28,30.5,1,0.5678387411971196,56.78
PROD00003843,Home,358.26,15.5,0,0.5677266058777195,56.77
PROD00007770,Electronics,359.26,28.86,1,0.5675079187283172,56.75
PROD00008541,Toys,436.91,29.1,1,0.5674499332824553,56.74
PROD00008099,Books,451.99,34.62,1,0.5672681711028841,56.73
PROD00001414,Home,99.37,38.78,1,0.5671099377034183,56.71
PROD00001294,Clothing,487.28,45.44,1,0.5669536925976226,56.7
PROD00004270,Books,220.41,16.06,1,0.5669461483293184,56.69
PROD00007983,Home,181.22,19.13,0,0.5668181306062683,56.68
PROD00008404,Electronics,311.28,6.42,1,0.5667398815701338,56.67
PROD00004877,Toys,382.05,16.52,0,0.5665157585899191,56.65
PROD00002486,Toys,253.19,9.06,1,0.5664285958211012,56.64
PROD00001504,Toys,23.68,23.0,1,0.5660150096992844,56.6
PROD00003335,Books,422.89,11.9,1,0.5659156321364931,56.59
PROD00007414,Electronics,147.31,5.42,0,0.5658364156477693,56.58
PROD00008379,Electronics,273.52,6.99,1,0.5657687288469785,56.58
PROD00004792,Electronics,318.82,1.2,1,0.5650891829891462,56.51
PROD00008280,Home,336.95,46.05,0,0.5650008571738122,56.5
PROD00004946,Electronics,126.67,44.19,0,0.5647405920317274,56.47
PROD00005206,Clothing,457.54,47.47,1,0.564685384247791,56.47
PROD00002683,Clothing,163.81,31.91,0,0.5647477758256866,56.47
PROD00004061,Toys,28.44,17.07,1,0.5644680025652571,56.45
PROD00003366,Books,132.08,44.7,0,0.5640648416377195,56.41
PROD00006614,Clothing,101.94,39.61,0,0.5640210160738254,56.4
PROD00001062,Toys,242.8,21.69,0,0.5639027262277239,56.39
PROD00009714,Books,88.25,31.71,1,0.5637687674204712,56.38
PROD00005511,Toys,406.91,30.28,0,0.5636681284847044,56.37
PROD00004421,Books,160.84,4.82,0,0.5636571636535618,56.37
PROD00001115,Home,483.36,24.87,0,0.5635558130593554,56.36
PROD00001802,Clothing,16.98,42.56,1,0.56343314793884,56.34
PROD00003631,Home,157.06,18.98,1,0.5634227577156782,56.34
PROD00003383,Clothing,309.67,6.76,0,0.563332759046916,56.33
PROD00008996,Clothing,277.28,3.94,0,0.5632089953351707,56.32
PROD00003456,Home,11.62,16.47,0,0.5631046680700775,56.31
PROD00006042,Clothing,27.86,45.46,0,0.5629648515367058,56.3
PROD00005265,Clothing,460.36,15.86,0,0.562956513859722,56.3
PROD00009537,Clothing,102.78,22.73,0,0.5630420620825874,56.3
PROD00005565,Home,246.85,19.11,0,0.5627893961337954,56.28
PROD00001819,Toys,310.36,38.16,1,0.5625876162689114,56.26
PROD00004096,Clothing,139.94,37.81,0,0.5625490034859247,56.25
PROD00000992,Toys,370.47,47.05,1,0.56241444284462,56.24
PROD00003963,Books,100.44,5.16,1,0.5624059665068571,56.24
PROD00008247,Electronics,384.47,10.79,0,0.5623680581314323,56.24
PROD00001022,Electronics,402.62,21.31,1,0.5623270182393888,56.23
PROD00001747,Electronics,223.6,18.67,0,0.5619665641144053,56.2
PROD00009039,Electronics,133.31,38.4,1,0.5619026555619013,56.19
PROD00005426,Home,406.02,42.79,0,0.56108689712235,56.11
PROD00004193,Toys,416.28,36.5,0,0.5609714167489334,56.1
PROD00009885,Toys,295.1,31.53,0,0.5609621602406178,56.1
PROD00005988,Home,312.54,30.62,0,0.5608542041281425,56.09
PROD00007064,Books,451.11,36.06,0,0.5609298298141948,56.09
PROD00003746,Electronics,13.55,30.22,1,0.5608626941157587,56.09
PROD00002042,Home,103.21,11.13,1,0.5608173003607333,56.08
PROD00003912,Books,380.25,42.44,1,0.5604945421422362,56.05
PROD00005474,Electronics,173.26,44.79,0,0.5603984837598684,56.04
PROD00001538,Clothing,433.06,9.95,0,0.5603250998536629,56.03
PROD00001401,Home,149.0,26.65,0,0.56029305429465,56.03
PROD00007950,Electronics,148.08,22.11,1,0.5599583483585255,56.0
PROD00008666,Clothing,292.63,34.99,1,0.559839486923937,55.98
PROD00000599,Clothing,439.5,7.15,1,0.5597656131668307,55.98
PROD00007117,Electronics,359.91,41.08,0,0.5596939319290029,55.97
PROD00005800,Electronics,101.3,27.68,0,0.5596985509447296,55.97
PROD00003518,Toys,98.94,16.72,0,0.5593670908291859,55.94
PROD00009826,Books,67.84,31.82,1,0.5592847203932492,55.93
PROD00005717,Home,217.15,16.6,0,0.5589110481511634,55.89
PROD00002272,Clothing,36.64,18.96,0,0.5588578872109249,55.89
PROD00006152,Clothing,404.96,49.86,0,0.5585334827294931,55.85
PROD00003510,Electronics,245.61,37.37,1,0.5580715919530287,55.81
PROD00000066,Books,142.71,19.05,0,0.5580707305768585,55.81
PROD00007697,Toys,399.83,27.99,0,0.5581456302903945,55.81
PROD00008835,Books,416.13,12.42,0,0.5579738766724336,55.8
PROD00005073,Home,109.9,23.36,0,0.5578380052254437,55.78
PROD00000262,Clothing,48.49,48.7,1,0.5577670679730241,55.78
PROD00000438,Clothing,61.43,7.99,0,0.5577675927281122,55.78
PROD00001053,Home,410.4,25.19,1,0.5575527430045009,55.76
PROD00008187,Books,66.22,20.76,0,0.5574426363701411,55.74
PROD00008847,Books,60.72,27.31,1,0.5573120195943215,55.73
PROD00005249,Home,79.03,25.38,0,0.5573306199405957,55.73
PROD00002332,Books,353.76,26.0,0,0.5572588375807656,55.73
PROD00004708,Clothing,52.8,36.99,0,0.5571857706144385,55.72
PROD00009144,Books,451.96,6.72,1,0.5571431828360757,55.71
PROD00006941,Books,435.03,18.04,1,0.5570033360402451,55.7
PROD00002874,Clothing,360.79,20.9,1,0.5567667713637524,55.68
PROD00009855,Toys,45.53,27.93,1,0.5565683614843804,55.66
PROD00002577,Electronics,420.95,48.6,1,0.5565651956878473,55.66
PROD00004703,Clothing,167.99,29.13,1,0.5564278326994038,55.64
PROD00000036,Electronics,115.82,23.76,1,0.5564047688211428,55.64
PROD00004179,Electronics,108.66,49.23,1,0.5563513287622234,55.64
PROD00006951,Home,85.8,40.94,0,0.5560616539750579,55.61
PROD00000876,Electronics,48.1,35.56,1,0.5559970557684203,55.6
PROD00003988,Books,50.52,29.6,1,0.5560355444350208,55.6
PROD00009623,Home,30.34,32.45,1,0.5557865312060437,55.58
PROD00003398,Clothing,324.78,7.26,0,0.5558217381228802,55.58
PROD00005351,Electronics,276.42,17.6,1,0.5556149954979461,55.56
PROD00009676,Books,494.86,48.76,0,0.5554922876542141,55.55
PROD00009067,Electronics,268.38,39.64,1,0.555317222938209,55.53
PROD00001806,Clothing,353.0,33.86,1,0.5552383409257284,55.52
PROD00003926,Clothing,239.88,48.81,0,0.5551795474879978,55.52
PROD00003052,Toys,226.55,37.26,0,0.5550816762094756,55.51
PROD00008454,Home,222.31,5.21,1,0.5546861416647212,55.47
PROD00007092,Books,453.04,36.78,0,0.554529363962802,55.45
PROD00002406,Books,402.92,29.81,0,0.5543399965791683,55.43
PROD00003821,Books,432.02,44.7,0,0.5542028852588858,55.42
PROD00006524,Books,142.99,2.3,0,0.5540694125166786,55.41
PROD00001004,Books,278.97,32.74,0,0.5540571086526344,55.41
PROD00009480,Electronics,142.71,35.09,1,0.5540487895438796,55.4
PROD00005615,Electronics,372.4,37.0,0,0.5535945896435855,55.36
PROD00005049,Home,205.51,29.1,1,0.5535310169536385,55.35
PROD00004562,Electronics,189.61,45.91,0,0.5534022461010982,55.34
PROD00001946,Electronics,376.97,29.27,1,0.5532641758683501,55.33
PROD00008558,Electronics,282.65,10.1,1,0.5532725140559817,55.33
PROD00004692,Home,332.53,45.39,1,0.5530843030073939,55.31
PROD00000353,Home,448.77,43.67,1,0.5530075753235818,55.3
PROD00005711,Clothing,147.78,14.54,1,0.552897405399942,55.29
PROD00000741,Home,74.26,19.77,1,0.5528860939738058,55.29
PROD00005791,Toys,334.04,25.44,0,0.5528340499734077,55.28
PROD00002876,Books,49.67,47.92,1,0.5527396649235472,55.27
PROD00003408,Toys,435.42,0.13,1,0.552727165465698,55.27
PROD00007185,Clothing,434.75,48.45,1,0.5525030621816204,55.25
PROD00002427,Toys,62.28,7.88,0,0.5524831817991203,55.25
PROD00006753,Home,8.53,43.95,0,0.5523908964209524,55.24
PROD00004513,Electronics,251.09,41.98,1,0.5523546015939875,55.24
PROD00003021,Clothing,153.62,9.89,0,0.552431011400056,55.24
PROD00000519,Toys,10.27,4.42,1,0.5521659474352208,55.22
PROD00005583,Home,303.91,38.5,1,0.5520437446200522,55.2
PROD00002808,Electronics,353.79,12.92,1,0.5518406638413424,55.18
PROD00008643,Books,328.58,26.75,0,0.5518136361079684,55.18
PROD00009589,Home,32.09,40.02,1,0.5516249105089456,55.16
PROD00003156,Books,282.74,49.66,1,0.5514527248683365,55.15
PROD00001436,Home,460.98,39.1,1,0.5513452181129596,55.13
PROD00001880,Clothing,119.94,37.03,1,0.5513388109669896,55.13
PROD00008866,Toys,132.53,23.23,1,0.5510539549945697,55.11
PROD00004338,Electronics,91.4,5.36,0,0.5510366190702166,55.1
PROD00000371,Books,302.12,41.16,0,0.5508868088698307,55.09
PROD00009882,Electronics,229.64,4.54,1,0.5507735329007043,55.08
PROD00005211,Clothing,62.81,23.81,0,0.5507428105697432,55.07
PROD00006727,Electronics,54.39,44.9,1,0.550644619523341,55.06
PROD00006645,Home,34.53,10.73,1,0.5505101400490837,55.05
PROD00008353,Home,200.48,33.01,0,0.5502560408734488,55.03
PROD00000793,Electronics,421.45,18.86,0,0.5501935774873833,55.02
PROD00005832,Toys,461.24,36.3,0,0.5500681588182986,55.01
PROD00001260,Electronics,476.39,37.74,0,0.549987234037396,55.0
PROD00008953,Electronics,70.64,18.44,0,0.5499526611515623,55.0
PROD00009005,Books,479.16,47.15,0,0.5496313684107648,54.96
PROD00008624,Electronics,446.98,45.55,1,0.5493681519422249,54.94
PROD00001767,Electronics,442.06,4.42,1,0.5490845528535228,54.91
PROD00005015,Toys,6.54,14.67,0,0.5488570021022843,54.89
PROD00001801,Toys,453.15,13.87,1,0.5487511376121985,54.88
PROD00002945,Home,96.72,46.91,1,0.5486751093928446,54.87
PROD00002759,Clothing,183.18,45.71,0,0.5487208950031212,54.87
PROD00001967,Electronics,304.48,38.98,1,0.5486616660869094,54.87
PROD00002547,Electronics,197.23,37.12,1,0.5487300918653438,54.87
PROD00005489,Home,455.77,38.42,1,0.5485611902382643,54.86
PROD00004944,Clothing,294.35,23.31,1,0.5483992883131548,54.84
PROD00000020,Clothing,6.14,47.47,0,0.548243624146755,54.82
PROD00009239,Home,210.8,36.73,0,0.548055762143955,54.81
PROD00001439,Clothing,62.42,44.83,0,0.547726862423186,54.77
PROD00000770,Toys,497.87,13.72,0,0.5476082332640058,54.76
PROD00001667,Electronics,130.72,40.79,1,0.5475144608509981,54.75
PROD00002277,Clothing,275.97,10.06,0,0.5473990004833079,54.74
PROD00008449,Clothing,476.07,42.37,1,0.5473563072922918,54.74
PROD00005961,Home,483.85,22.4,1,0.5474125596178545,54.74
PROD00006991,Books,346.59,9.94,0,0.5472169728664236,54.72
PROD00004867,Toys,354.91,16.42,0,0.5469539540145488,54.7
PROD00004286,Home,251.59,48.62,0,0.5470485338701573,54.7
PROD00002364,Electronics,173.31,38.66,0,0.5469647567568878,54.7
PROD00008490,Electronics,421.64,6.76,1,0.5469493806408078,54.69
PROD00006675,Clothing,207.89,6.45,1,0.5469347301577144,54.69
PROD00009660,Clothing,120.36,5.14,1,0.5467626081677629,54.68
PROD00004851,Books,482.35,35.65,0,0.5466333189094831,54.66
PROD00001670,Books,130.81,15.86,0,0.5464616181843709,54.65
PROD00000459,Toys,68.62,35.07,1,0.5465430210480798,54.65
PROD00003287,Clothing,352.07,41.93,0,0.5465417613600592,54.65
PROD00001698,Books,211.88,39.36,1,0.5464185335544977,54.64
PROD00006072,Clothing,21.43,3.19,0,0.5462804995052493,54.63
PROD00004157,Electronics,466.91,39.28,0,0.5460712221763939,54.61
PROD00006099,Books,319.63,27.95,0,0.5459752241937668,54.6
PROD00001899,Toys,155.02,47.45,1,0.5457473983457816,54.57
PROD00005328,Toys,203.54,30.51,1,0.5455566076627762,54.56
PROD00000021,Books,85.69,24.58,1,0.5454474645987615,54.54
PROD00002537,Clothing,429.59,31.03,1,0.5451548369906888,54.52
PROD00001980,Clothing,205.16,36.69,1,0.5449730696846301,54.5
PROD00005710,Books,450.42,49.02,1,0.544942656218266,54.49
PROD00007033,Clothing,387.67,34.55,1,0.5448333088905453,54.48
PROD00006400,Clothing,11.14,46.77,0,0.5447411507185694,54.47
PROD00002736,Books,325.93,40.26,1,0.5444780066215698,54.45
PROD00005726,Toys,104.05,12.09,1,0.544437220186477,54.44
PROD00005490,Home,19.1,39.2,1,0.5443178793902028,54.43
PROD00001865,Electronics,307.88,28.97,1,0.5441392822632869,54.41
PROD00007171,Clothing,265.98,38.85,1,0.5440210064795636,54.4
PROD00009529,Electronics,78.55,23.92,1,0.5440143265772107,54.4
PROD00005421,Books,312.14,22.7,1,0.5439799279460796,54.4
PROD00002713,Clothing,180.93,4.21,0,0.543917386893316,54.39
PROD00007199,Toys,211.13,2.03,0,0.543807595824173,54.38
PROD00006146,Books,42.22,49.25,1,0.5438158904722135,54.38
PROD00004264,Clothing,91.89,3.4,1,0.5437372180223174,54.37
PROD00009839,Electronics,458.25,32.71,1,0.5436596888563875,54.37
PROD00007736,Electronics,160.25,23.6,1,0.543607745934412,54.36
PROD00001954,Electronics,476.4,17.86,0,0.5435953149920358,54.36
PROD00001424,Clothing,428.2,23.91,0,0.5436240573610523,54.36
PROD00007070,Toys,207.52,4.82,1,0.5435122117055744,54.35
PROD00005745,Electronics,274.17,19.32,1,0.5434333173950407,54.34
PROD00001672,Books,160.26,40.85,1,0.5433743663136955,54.34
PROD00005647,Clothing,42.3,11.89,0,0.542978294913273,54.3
PROD00005022,Electronics,139.52,48.36,0,0.54301303855465,54.3
PROD00008271,Clothing,343.59,35.2,1,0.5430120384529886,54.3
PROD00000598,Toys,137.63,36.05,0,0.5428503171593622,54.29
PROD00009092,Books,55.73,43.24,1,0.5428389484029595,54.28
PROD00000596,Books,13.85,40.61,1,0.5426907357797972,54.27
PROD00005680,Books,329.38,12.28,0,0.5423963792552429,54.24
PROD00001013,Electronics,332.82,24.84,0,0.5421586844334824,54.22
PROD00000155,Books,332.49,34.21,1,0.5421408479443616,54.21
PROD00003620,Home,154.9,46.08,1,0.5419965215928213,54.2
PROD00003945,Books,204.43,44.65,1,0.5420042787291643,54.2
PROD00005607,Books,374.26,25.64,0,0.5418817930213153,54.19
PROD00004723,Electronics,151.37,33.75,0,0.5419182411863669,54.19
PROD00002172,Clothing,110.29,22.13,0,0.5418038892083912,54.18
PROD00005931,Clothing,411.06,41.02,1,0.5416132377280526,54.16
PROD00003113,Electronics,315.53,13.34,1,0.5413845778472386,54.14
PROD00000808,Books,438.07,35.34,1,0.5413534750913813,54.14
PROD00003064,Clothing,245.25,20.72,1,0.5412180354315747,54.12
PROD00002024,Clothing,498.14,23.13,0,0.5411405616665559,54.11
PROD00003391,Electronics,191.48,8.39,0,0.5408737404702618,54.09
PROD00007616,Clothing,147.9,10.15,1,0.5409128800767014,54.09
PROD00005514,Books,231.31,39.33,1,0.5408876479842473,54.09
PROD00004025,Clothing,28.28,7.07,0,0.540820912514146,54.08
PROD00003784,Toys,381.05,19.55,1,0.5406211385721066,54.06
PROD00001846,Toys,220.22,24.78,0,0.5405016337469574,54.05
PROD00000957,Home,63.59,47.26,0,0.5404922193023723,54.05
PROD00003621,Clothing,361.9,37.3,1,0.5404105194134612,54.04
PROD00004340,Books,360.39,24.66,1,0.5402609734546643,54.03
PROD00000441,Clothing,8.26,24.03,0,0.5403013370842755,54.03
PROD00007441,Toys,328.2,40.49,0,0.5401799796947808,54.02
PROD00000239,Clothing,150.56,4.04,0,0.5401128983462239,54.01
PROD00002187,Toys,275.51,30.42,1,0.5399802631562549,54.0
PROD00006470,Clothing,437.34,30.71,0,0.5398520615131163,53.99
PROD00003650,Books,83.42,16.25,0,0.5396495279868668,53.96
PROD00009903,Clothing,212.58,24.61,0,0.5396498165821243,53.96
PROD00006467,Clothing,40.52,31.58,1,0.5395445438718578,53.95
PROD00000568,Books,335.54,41.45,1,0.5395071709771697,53.95
PROD00005382,Toys,374.44,8.5,0,0.5395113978216318,53.95
PROD00005181,Clothing,316.84,13.19,0,0.53923446532558,53.92
PROD00007460,Electronics,414.41,14.16,0,0.5388693959433957,53.89
PROD00000774,Electronics,5.45,13.69,0,0.5389147505278657,53.89
PROD00009681,Clothing,93.72,38.56,0,0.5388960057407984,53.89
PROD00008017,Books,252.76,14.13,1,0.5387965712762163,53.88
PROD00001783,Electronics,237.61,6.12,1,0.538541375597609,53.85
PROD00001919,Electronics,77.17,42.14,1,0.5384440571727921,53.84
PROD00006184,Home,369.63,41.28,1,0.5383231067954282,53.83
PROD00001227,Clothing,442.2,10.01,0,0.5382415934564215,53.82
PROD00007944,Clothing,19.36,16.07,0,0.538165767500207,53.82
PROD00008949,Home,68.96,36.4,1,0.5380068355676191,53.8
PROD00008045,Clothing,321.81,28.3,1,0.5380439487507755,53.8
PROD00002494,Books,277.3,14.98,1,0.5379245793677819,53.79
PROD00007649,Electronics,467.38,12.23,0,0.5379199421836915,53.79
PROD00006843,Toys,465.61,5.36,1,0.5377598420750116,53.78
PROD00009396,Home,447.96,36.51,0,0.5376725548300514,53.77
PROD00007186,Clothing,394.76,25.5,1,0.5376555700027535,53.77
PROD00003360,Electronics,107.52,36.34,1,0.5375233246513621,53.75
PROD00006638,Home,298.09,19.75,1,0.5372084436835605,53.72
PROD00003071,Books,23.79,49.21,0,0.5372194040441122,53.72
PROD00002054,Electronics,148.79,48.39,0,0.5372416374915878,53.72
PROD00008576,Clothing,360.47,28.48,0,0.5370340384180566,53.7
PROD00000299,Toys,138.11,18.15,0,0.5368929385621535,53.69
PROD00002784,Books,100.99,29.13,1,0.5368689421766389,53.69
PROD00000755,Books,239.86,27.06,1,0.5367266150597011,53.67
PROD00003296,Toys,474.36,41.3,0,0.5367000657448072,53.67
PROD00009232,Electronics,487.1,31.26,1,0.5367057784018784,53.67
PROD00009280,Home,54.26,3.08,1,0.5367477272790312,53.67
PROD00003231,Clothing,284.99,43.25,0,0.5365326295644169,53.65
PROD00003774,Toys,36.38,34.97,1,0.5364685791396705,53.65
PROD00003101,Electronics,412.51,4.43,0,0.5363172618425056,53.63
PROD00002516,Electronics,140.74,46.15,0,0.5361991143570147,53.62
PROD00002329,Electronics,341.22,10.72,0,0.5361069637371858,53.61
PROD00008549,Electronics,52.48,37.01,1,0.5361214711321463,53.61
PROD00000184,Toys,191.81,7.94,1,0.5360045216810082,53.6
PROD00002594,Home,189.04,8.36,0,0.5358806999645384,53.59
PROD00004647,Electronics,61.24,32.54,0,0.5359382909335221,53.59
PROD00001920,Clothing,187.85,4.22,0,0.5358367303474801,53.58
PROD00000245,Electronics,478.53,32.12,0,0.5356666111209966,53.57
PROD00002323,Toys,199.72,33.29,0,0.5356946162941779,53.57
PROD00004732,Electronics,402.69,12.34,0,0.5355714997680936,53.56
PROD00002176,Clothing,363.23,40.12,0,0.5355031674886829,53.55
PROD00005286,Electronics,161.65,11.4,0,0.535397920318228,53.54
PROD00004118,Books,30.02,42.95,0,0.5353949559397074,53.54
PROD00001743,Toys,465.36,11.18,1,0.5353000815548832,53.53
PROD00007909,Home,255.17,28.01,0,0.5351953539592627,53.52
PROD00002159,Electronics,492.41,40.24,1,0.5350855115464186,53.51
PROD00002656,Toys,72.24,8.3,0,0.5349928436271865,53.5
PROD00004344,Home,384.9,46.09,1,0.534957704915783,53.5
PROD00002739,Books,357.48,48.72,0,0.5347648143851345,53.48
PROD00008489,Home,432.74,41.57,1,0.5346759145861206,53.47
PROD00004244,Electronics,252.4,0.93,0,0.5347152695497693,53.47
PROD00002621,Toys,440.73,38.17,0,0.5346606972472222,53.47
PROD00005617,Electronics,5.64,43.11,1,0.5345619128114291,53.46
PROD00004958,Books,157.64,26.5,1,0.5344647152944872,53.45
PROD00009456,Home,478.15,38.14,1,0.5343825304144876,53.44
PROD00009493,Clothing,92.05,24.36,1,0.534433198306732,53.44
PROD00000676,Clothing,282.92,39.06,0,0.5343577748910252,53.44
PROD00007586,Clothing,420.97,28.07,0,0.5341728954541902,53.42
PROD00008491,Books,344.33,13.04,1,0.5342016997133427,53.42
PROD00005738,Clothing,280.32,4.93,1,0.5341768961178956,53.42
PROD00007866,Clothing,240.85,28.8,1,0.5339989316649718,53.4
PROD00000684,Clothing,440.06,1.13,1,0.5338383674121266,53.38
PROD00009715,Clothing,113.53,15.94,1,0.5336546190442567,53.37
PROD00003384,Home,199.85,15.4,0,0.5335501471768943,53.36
PROD00007652,Books,244.82,27.78,1,0.5333748254304772,53.34
PROD00005817,Clothing,54.8,21.07,1,0.533364849610739,53.34
PROD00004501,Books,105.18,49.02,1,0.5332552643007867,53.33
PROD00000307,Books,423.45,37.12,1,0.5330024603338572,53.3
PROD00002452,Electronics,249.92,9.42,0,0.5327888992488515,53.28
PROD00009553,Books,236.93,20.19,0,0.5327321864013369,53.27
PROD00000290,Home,431.36,40.2,0,0.5327221899896009,53.27
PROD00006527,Toys,221.42,49.91,0,0.5325553167309773,53.26
PROD00000579,Books,309.62,34.73,1,0.5325656119632178,53.26
PROD00003676,Clothing,418.46,36.58,0,0.5325261616646472,53.25
PROD00009151,Electronics,307.94,47.94,0,0.5324436034444439,53.24
PROD00000095,Books,490.55,17.9,0,0.5321542468508692,53.22
PROD00003268,Clothing,405.0,25.68,1,0.532136506309012,53.21
PROD00002691,Clothing,166.34,36.72,1,0.5320427239802574,53.2
PROD00002191,Electronics,305.87,43.43,1,0.5319944391124067,53.2
PROD00007992,Electronics,33.85,34.13,0,0.5319358872671001,53.19
PROD00009058,Electronics,428.7,20.8,0,0.5317252334959635,53.17
PROD00008436,Clothing,225.92,0.94,1,0.5317443240413823,53.17
PROD00009893,Home,198.62,19.63,0,0.531618586871117,53.16
PROD00003243,Electronics,80.59,22.89,1,0.5313918340577765,53.14
PROD00005164,Electronics,196.8,42.86,1,0.5313463950547789,53.13
PROD00003202,Clothing,111.71,0.46,1,0.5312532019931583,53.13
PROD00003393,Clothing,221.52,47.38,1,0.5312066891896428,53.12
PROD00004758,Clothing,216.53,46.85,1,0.5312209352175237,53.12
PROD00005932,Home,102.3,14.57,1,0.5310670266275953,53.11
PROD00007266,Toys,473.82,17.2,1,0.531131027251044,53.11
PROD00007518,Electronics,101.15,21.51,0,0.5310353840832172,53.1
PROD00001429,Home,44.52,20.1,0,0.5308922763680106,53.09
PROD00006560,Books,365.78,7.16,0,0.5307807837305796,53.08
PROD00000260,Home,395.28,6.27,1,0.5306525300934596,53.07
PROD00005997,Home,175.87,14.97,1,0.5304788687081899,53.05
PROD00002726,Home,249.08,42.08,0,0.5305230789914429,53.05
PROD00003938,Home,259.39,47.57,1,0.5304955285188901,53.05
PROD00008406,Electronics,247.43,30.86,1,0.5305270669996922,53.05
PROD00008102,Clothing,296.84,5.78,0,0.5303879086522891,53.04
PROD00007760,Home,228.33,26.34,0,0.5304451985944795,53.04
PROD00009807,Electronics,128.68,0.29,1,0.5302647379691995,53.03
PROD00004889,Books,76.28,12.43,0,0.5301810138688527,53.02
PROD00000490,Clothing,198.29,43.85,1,0.5301885793299319,53.02
PROD00007597,Home,180.94,44.05,0,0.5299696575392439,53.0
PROD00004149,Home,321.7,21.54,0,0.5299040785039206,52.99
PROD00006654,Home,209.03,42.67,0,0.5298523104240139,52.99
PROD00007747,Electronics,461.11,14.99,1,0.5299408695391492,52.99
PROD00004169,Electronics,163.92,45.05,0,0.5299169331629331,52.99
PROD00005638,Home,191.13,42.56,0,0.5299122767891483,52.99
PROD00008980,Toys,242.18,33.41,1,0.5297393825477136,52.97
PROD00000273,Books,337.22,6.54,0,0.5295570917533007,52.96
PROD00007508,Clothing,128.0,2.8,0,0.5294920295591158,52.95
PROD00006860,Toys,385.13,44.97,0,0.5294393864957294,52.94
PROD00009127,Books,114.86,13.82,1,0.529388278516066,52.94
PROD00008673,Electronics,273.5,48.65,1,0.5292602458620734,52.93
PROD00008506,Electronics,463.59,20.97,1,0.529177286078645,52.92
PROD00001199,Clothing,113.7,19.4,1,0.5292036921888014,52.92
PROD00006717,Books,302.65,31.78,0,0.5292115889754371,52.92
PROD00004401,Books,35.98,6.16,0,0.5292171181783192,52.92
PROD00006074,Clothing,183.07,20.0,0,0.5289586183816932,52.9
PROD00007016,Electronics,187.74,25.63,0,0.5289413315294412,52.89
PROD00002939,Clothing,34.48,20.67,0,0.5289146592637985,52.89
PROD00000718,Home,433.4,6.52,0,0.5288782648419051,52.89
PROD00002539,Electronics,5.14,30.13,0,0.528904053378911,52.89
PROD00002097,Home,5.27,22.11,1,0.5287725194069314,52.88
PROD00006888,Books,444.38,2.58,0,0.5286075955854348,52.86
PROD00002509,Books,100.81,35.16,1,0.5283834401562157,52.84
PROD00007555,Electronics,406.91,44.28,1,0.5283976417951023,52.84
PROD00005956,Clothing,454.89,34.72,1,0.5283882307796702,52.84
PROD00004710,Home,150.03,18.1,0,0.5284089764411734,52.84
PROD00003967,Home,94.34,38.35,0,0.5283368059337947,52.83
PROD00008683,Electronics,34.46,19.05,0,0.5282243237463288,52.82
PROD00006834,Electronics,257.68,26.67,1,0.5282160506114899,52.82
PROD00004443,Books,119.85,3.66,0,0.5281170793305581,52.81
PROD00009739,Books,31.16,38.87,1,0.5281216448961936,52.81
PROD00002790,Toys,132.42,16.86,0,0.5281019678308896,52.81
PROD00003928,Electronics,257.56,25.84,1,0.5280145727291745,52.8
PROD00005416,Toys,187.91,47.1,0,0.5279543946399926,52.8
PROD00000506,Clothing,309.07,49.01,0,0.5279825066327603,52.8
PROD00006921,Books,347.97,22.44,0,0.5279083611259149,52.79
PROD00007641,Electronics,19.58,42.04,0,0.5279488978842392,52.79
PROD00003984,Electronics,498.65,34.77,0,0.527870200828488,52.79
PROD00006388,Electronics,420.45,39.01,1,0.5277014522180202,52.77
PROD00005911,Home,5.33,22.39,1,0.5276694564314734,52.77
PROD00001548,Electronics,348.15,47.01,0,0.5276174566348321,52.76
PROD00004284,Electronics,491.2,13.01,1,0.5274700490285974,52.75
PROD00007787,Clothing,163.68,45.96,0,0.527408824817566,52.74
PROD00000304,Clothing,456.02,28.93,1,0.5273731355973552,52.74
PROD00008654,Electronics,215.79,13.02,0,0.5272768878416884,52.73
PROD00005893,Clothing,128.4,12.28,0,0.5271715017607367,52.72
PROD00005971,Toys,76.14,9.28,1,0.5270288598759276,52.7
PROD00003356,Electronics,143.95,18.5,0,0.5269002330215543,52.69
PROD00001168,Home,146.53,43.75,1,0.5268798465727822,52.69
PROD00003180,Toys,432.97,32.03,1,0.5266585558921408,52.67
PROD00001588,Clothing,170.97,41.18,1,0.5267381096882077,52.67
PROD00002411,Clothing,374.65,17.22,1,0.5264590433603377,52.65
PROD00003289,Books,107.52,3.81,1,0.526526331101941,52.65
PROD00007690,Clothing,185.16,27.13,1,0.5263159187201463,52.63
PROD00005905,Toys,16.13,37.2,1,0.5262020878302234,52.62
PROD00002267,Home,222.34,29.44,1,0.5261696431424622,52.62
PROD00002204,Books,156.04,46.16,0,0.5262422442499215,52.62
PROD00002125,Electronics,452.05,0.21,1,0.5260887397279885,52.61
PROD00007945,Clothing,140.69,33.45,1,0.5259908178110556,52.6
PROD00008145,Home,65.22,14.02,0,0.5258599692150107,52.59
PROD00004046,Electronics,329.05,16.02,0,0.5258725435899513,52.59
PROD00000723,Clothing,78.14,7.9,1,0.5258038468186079,52.58
PROD00004213,Electronics,359.59,36.57,1,0.5258012372346718,52.58
PROD00006468,Books,153.65,14.31,1,0.5257551900388746,52.58
PROD00008592,Electronics,277.7,31.19,1,0.5257990663829902,52.58
PROD00009249,Clothing,412.13,40.34,0,0.5256576935813191,52.57
PROD00003267,Books,193.67,2.84,1,0.5256183278438621,52.56
PROD00003526,Books,134.5,43.94,0,0.5254766063858894,52.55
PROD00008425,Books,102.76,26.76,0,0.5255381919466579,52.55
PROD00002145,Clothing,61.18,29.17,1,0.525383636129531,52.54
PROD00009691,Clothing,208.98,18.97,0,0.5254270479289426,52.54
PROD00001664,Books,223.93,25.55,1,0.5248268515977073,52.48
PROD00007937,Clothing,267.21,18.83,1,0.5248392393925562,52.48
PROD00008018,Home,443.76,20.51,0,0.5247239568755943,52.47
PROD00002174,Home,50.09,46.48,0,0.5246398953856356,52.46
PROD00007456,Home,36.74,46.74,0,0.5245494566371349,52.45
PROD00007154,Clothing,450.62,34.48,1,0.5244464137800121,52.44
PROD00006730,Toys,288.5,23.24,0,0.52428567378347,52.43
PROD00005084,Electronics,237.61,11.36,1,0.5242195290406698,52.42
PROD00004403,Books,425.29,44.07,0,0.5241179072109476,52.41
PROD00006999,Electronics,415.32,25.34,1,0.5240067455022627,52.4
PROD00009609,Electronics,299.3,8.09,0,0.5239336384104245,52.39
PROD00006324,Toys,191.93,45.19,0,0.5239423694114032,52.39
PROD00001903,Toys,165.4,34.95,0,0.5238333669033167,52.38
PROD00007907,Home,115.42,38.58,1,0.5237572249341318,52.38
PROD00004848,Toys,6.64,40.77,1,0.5238263078412477,52.38
PROD00001116,Clothing,466.85,44.11,1,0.5238154782085709,52.38
PROD00002973,Books,199.03,39.74,0,0.5236863834223612,52.37
PROD00005673,Electronics,156.38,11.33,0,0.5235948539086971,52.36
PROD00006386,Toys,193.53,21.03,1,0.5234782630187068,52.35
PROD00003900,Toys,407.76,30.22,1,0.5234486479695891,52.34
PROD00007153,Electronics,21.61,39.95,0,0.5234451491973522,52.34
PROD00005659,Electronics,18.1,15.61,0,0.5232843021803016,52.33
PROD00003713,Electronics,247.22,34.09,1,0.5231758683674536,52.32
PROD00004977,Clothing,332.38,49.2,1,0.5231076121746744,52.31
PROD00008959,Home,481.69,32.81,1,0.523014932366654,52.3
PROD00006765,Clothing,432.15,34.74,0,0.5229565319523859,52.3
PROD00006624,Toys,273.25,36.62,1,0.5230341197063031,52.3
PROD00002698,Electronics,152.48,23.1,1,0.5227034003342651,52.27
PROD00005552,Toys,351.61,15.83,0,0.5226340467148063,52.26
PROD00008288,Electronics,365.19,32.05,0,0.5225542701625754,52.26
PROD00004667,Electronics,153.43,11.09,1,0.5224867505819578,52.25
PROD00007556,Toys,388.14,40.69,0,0.5224688396248311,52.25
PROD00000632,Home,26.78,0.59,1,0.5223538122614868,52.24
PROD00000070,Toys,87.17,32.02,1,0.5223387456207773,52.23
PROD00004020,Books,58.98,42.37,0,0.5223216324118437,52.23
PROD00009508,Clothing,352.69,40.84,1,0.5222883124057632,52.23
PROD00001238,Books,264.01,37.82,1,0.5223394684040659,52.23
PROD00005767,Clothing,241.59,9.88,0,0.521962563718446,52.2
PROD00008588,Home,261.13,47.75,0,0.5218529609746358,52.19
PROD00003638,Electronics,383.39,37.33,0,0.521850185322678,52.19
PROD00001790,Clothing,497.62,39.19,0,0.5216642768872292,52.17
PROD00002350,Home,239.43,20.62,1,0.5214787141081126,52.15
PROD00004538,Books,139.49,9.14,0,0.5214516163517369,52.15
PROD00001278,Toys,325.63,14.99,0,0.5214611737920529,52.15
PROD00007273,Clothing,157.02,8.94,0,0.5213615137460318,52.14
PROD00005012,Electronics,454.27,31.47,0,0.5213971662600951,52.14
PROD00001953,Clothing,207.1,32.31,1,0.5213112079109284,52.13
PROD00004201,Home,240.14,5.22,1,0.5212048342595873,52.12
PROD00005231,Clothing,116.68,29.41,0,0.5209927011076371,52.1
PROD00007011,Clothing,172.01,16.78,0,0.5208859005680591,52.09
PROD00000832,Electronics,109.27,2.0,0,0.5208992941540932,52.09
PROD00006662,Electronics,456.66,44.27,0,0.5207685332361526,52.08
PROD00002423,Home,350.16,30.47,0,0.5207164924933002,52.07
PROD00002349,Clothing,436.57,30.24,1,0.5207339801685088,52.07
PROD00005785,Toys,439.87,38.23,0,0.5206931464103447,52.07
PROD00009781,Clothing,355.64,42.68,0,0.5205837265686447,52.06
PROD00003755,Toys,23.74,32.35,1,0.5204690261304493,52.05
PROD00004714,Clothing,281.44,25.02,1,0.5205479573342471,52.05
PROD00007428,Toys,316.78,10.01,0,0.5204638936104411,52.05
PROD00009991,Clothing,45.61,45.44,0,0.5204453897314757,52.04
PROD00006718,Clothing,461.41,1.64,0,0.5202659071354988,52.03
PROD00006108,Toys,407.8,39.14,0,0.5202151730951368,52.02
PROD00007140,Clothing,361.22,5.76,1,0.5200865661750926,52.01
PROD00002432,Home,195.6,34.84,1,0.5199582674698996,52.0
PROD00006737,Toys,384.71,43.78,1,0.5200455336209042,52.0
PROD00003523,Home,91.36,8.07,0,0.5199168995711355,51.99
PROD00006549,Toys,390.0,31.83,0,0.5199373354658824,51.99
PROD00008066,Electronics,70.89,20.39,0,0.5198434906431257,51.98
PROD00007626,Clothing,495.68,43.04,1,0.5196490608561313,51.96
PROD00002585,Home,426.5,24.94,0,0.5196025610523602,51.96
PROD00006793,Electronics,221.69,45.65,1,0.5195530572151648,51.96
PROD00002304,Electronics,5.97,0.06,1,0.5195203839539643,51.95
PROD00009054,Electronics,394.99,12.85,0,0.5193686870219217,51.94
PROD00000894,Toys,226.34,28.94,1,0.5192559353359667,51.93
PROD00006585,Electronics,376.3,48.47,0,0.5192697209926721,51.93
PROD00006167,Toys,251.27,19.14,0,0.5191743880397784,51.92
PROD00005479,Books,250.3,19.39,0,0.519169902328198,51.92
PROD00004321,Toys,201.11,18.53,1,0.5191342395993531,51.91
PROD00000033,Home,335.28,25.37,1,0.5190208352408979,51.9
PROD00001063,Home,432.45,15.52,1,0.5189556964388851,51.9
PROD00004026,Home,246.6,2.98,1,0.5188776746832191,51.89
PROD00008439,Home,75.66,24.71,1,0.5187701860900772,51.88
PROD00008393,Electronics,454.6,41.38,1,0.5187118152887555,51.87
PROD00002106,Books,250.17,16.72,0,0.5186859638764943,51.87
PROD00002491,Books,16.58,5.96,1,0.5186540852198019,51.87
PROD00005496,Clothing,357.47,22.36,0,0.5187006283347655,51.87
PROD00006703,Books,286.83,48.29,1,0.5185838228438691,51.86
PROD00006874,Books,173.88,20.85,0,0.5184965809663349,51.85
PROD00004172,Toys,120.62,20.72,1,0.5184407127887368,51.84
PROD00004117,Home,158.76,47.17,0,0.5184432948238775,51.84
PROD00004493,Clothing,151.76,8.25,0,0.5183346512310428,51.83
PROD00009268,Clothing,192.32,21.75,1,0.5182147352053094,51.82
PROD00001371,Clothing,177.07,9.73,0,0.5179309326657467,51.79
PROD00004535,Toys,240.61,43.45,0,0.5177353030998244,51.77
PROD00004081,Clothing,25.3,14.07,1,0.5177281871733542,51.77
PROD00009633,Electronics,372.89,34.58,0,0.5176361052154296,51.76
PROD00007540,Clothing,186.07,33.68,0,0.517428291182215,51.74
PROD00006241,Books,91.71,3.69,0,0.5174261832319544,51.74
PROD00001755,Clothing,423.25,22.97,1,0.5172391339714967,51.72
PROD00005557,Toys,333.89,27.2,0,0.5171666680342951,51.72
PROD00001713,Home,42.21,11.93,1,0.517244917775946,51.72
PROD00005472,Toys,466.87,10.95,0,0.5170505316898645,51.71
PROD00002011,Clothing,391.61,4.67,1,0.5170459222513436,51.7
PROD00008038,Clothing,491.36,11.84,0,0.5168841729424015,51.69
PROD00004427,Toys,72.68,7.31,0,0.5167740352533682,51.68
PROD00006712,Electronics,397.4,12.84,1,0.5166564178291424,51.67
PROD00004881,Electronics,497.4,1.89,1,0.5167240466084426,51.67
PROD00003992,Books,182.86,15.82,1,0.516494642022678,51.65
PROD00006363,Electronics,212.23,22.47,1,0.5165244027828605,51.65
PROD00008786,Home,193.38,22.49,0,0.5165417868422508,51.65
PROD00009112,Electronics,432.9,27.42,0,0.5165317837736939,51.65
PROD00007028,Clothing,488.26,14.17,0,0.5164288734251479,51.64
PROD00003050,Electronics,205.96,7.83,1,0.5161766487136248,51.62
PROD00003568,Toys,439.18,37.18,1,0.5161523617017626,51.62
PROD00001466,Clothing,184.37,37.73,0,0.5160696357452937,51.61
PROD00008104,Clothing,283.41,45.01,1,0.5160994990689999,51.61
PROD00003716,Toys,38.26,25.76,0,0.5159221495955326,51.59
PROD00005684,Home,43.17,23.58,1,0.5159408151313469,51.59
PROD00009140,Home,443.88,11.26,0,0.5158466885684088,51.58
PROD00008559,Books,32.0,44.16,0,0.5156883552229554,51.57
PROD00008914,Home,164.07,11.34,1,0.5157114919908655,51.57
PROD00007962,Electronics,82.46,16.05,1,0.5156079779384605,51.56
PROD00007919,Electronics,313.71,29.49,0,0.5156160663924866,51.56
PROD00002533,Books,243.93,38.65,0,0.515494754684567,51.55
PROD00001628,Clothing,277.87,25.92,1,0.5154536499180373,51.55
PROD00009051,Electronics,418.31,32.67,1,0.5154062077321664,51.54
PROD00003705,Books,31.67,48.03,1,0.5153973954154469,51.54
PROD00007365,Clothing,214.16,23.03,0,0.5153951532789535,51.54
PROD00008003,Books,35.76,8.23,0,0.5151856014944319,51.52
PROD00006232,Electronics,76.24,24.08,1,0.5151829328562533,51.52
PROD00005885,Toys,50.01,48.79,0,0.5150980543395537,51.51
PROD00003619,Electronics,159.05,34.15,0,0.5149824381520478,51.5
PROD00009147,Toys,169.06,21.14,1,0.5149603202247597,51.5
PROD00006019,Clothing,343.29,8.79,1,0.5148595010892872,51.49
PROD00004959,Home,219.51,13.55,0,0.5145602570438791,51.46
PROD00007843,Books,409.0,38.97,1,0.514568548033158,51.46
PROD00004289,Clothing,38.3,4.66,1,0.514470725213899,51.45
PROD00008258,Books,56.2,48.11,0,0.5145150370628572,51.45
PROD00003659,Books,213.73,0.52,0,0.5143205836152449,51.43
PROD00002695,Electronics,181.23,36.42,1,0.5143035517145325,51.43
PROD00008961,Clothing,410.74,42.66,0,0.5142126276674596,51.42
PROD00009972,Books,82.53,38.98,0,0.5141891157132296,51.42
PROD00008729,Books,434.64,31.26,0,0.5140897214862995,51.41
PROD00005396,Toys,477.1,1.75,0,0.5139896116723341,51.4
PROD00004611,Home,299.46,2.54,1,0.5140103798860783,51.4
PROD00000762,Toys,382.59,3.84,1,0.5138125335487634,51.38
PROD00009957,Books,11.24,29.75,1,0.513819868802953,51.38
PROD00003170,Electronics,168.57,2.6,0,0.5136835062976857,51.37
PROD00004466,Toys,437.44,44.33,1,0.5136777634856451,51.37
PROD00009939,Home,354.12,40.66,0,0.5137069850192107,51.37
PROD00002339,Books,48.52,15.94,1,0.5137059284482961,51.37
PROD00005119,Home,241.49,38.4,0,0.5135773862855173,51.36
PROD00001691,Clothing,136.94,36.78,1,0.5134744766581272,51.35
PROD00000984,Toys,89.22,41.56,1,0.5135295916701438,51.35
PROD00001732,Books,104.18,14.2,1,0.5135289465940374,51.35
PROD00003799,Books,300.86,17.39,1,0.5133699265452709,51.34
PROD00001237,Home,298.37,20.5,0,0.5134340647059471,51.34
PROD00000940,Toys,489.35,29.54,0,0.5133183621989293,51.33
PROD00005646,Toys,140.35,18.14,0,0.5132524972550718,51.33
PROD00005170,Toys,340.95,14.83,0,0.513339872547151,51.33
PROD00008211,Toys,382.9,39.75,1,0.5132434095074776,51.32
PROD00000379,Electronics,461.16,8.5,1,0.5132361930793147,51.32
PROD00000222,Home,179.56,45.92,0,0.513174562965259,51.32
PROD00009860,Clothing,24.76,19.85,1,0.5131184089811787,51.31
PROD00008210,Home,371.65,48.16,0,0.5130147628071909,51.3
PROD00002331,Home,135.5,32.16,1,0.5128757169726693,51.29
PROD00001368,Books,385.4,20.67,1,0.5127578285470222,51.28
PROD00004592,Home,467.38,38.93,0,0.512766249564459,51.28
PROD00001740,Home,385.41,33.37,0,0.5127783534327738,51.28
PROD00001384,Home,441.71,25.44,1,0.5127909580941895,51.28
PROD00008140,Electronics,97.37,28.36,1,0.5127255632538141,51.27
PROD00002581,Books,448.08,18.11,1,0.5126866614401471,51.27
PROD00008234,Home,130.23,20.94,0,0.5127221649821786,51.27
PROD00002421,Books,33.14,33.69,0,0.5125917917634766,51.26
PROD00003879,Home,314.46,32.3,1,0.5125841500073064,51.26
PROD00005399,Clothing,181.89,40.14,1,0.5125134665627702,51.25
PROD00008622,Toys,375.95,36.16,0,0.512538057904759,51.25
PROD00000537,Toys,183.98,35.89,1,0.5122643479642431,51.23
PROD00004816,Books,97.63,40.71,1,0.512255080321986,51.23
PROD00003494,Books,295.62,29.18,1,0.5123297106227352,51.23
PROD00002955,Electronics,283.21,37.05,0,0.5122486962237602,51.22
PROD00001968,Toys,7.2,7.77,0,0.5121823159540371,51.22
PROD00008617,Home,187.6,48.16,0,0.5121589003610753,51.22
PROD00005619,Clothing,376.39,31.35,1,0.5122437974736735,51.22
PROD00005762,Books,272.44,8.17,0,0.5120216732917425,51.2
PROD00005121,Books,220.19,16.29,1,0.5118717173012087,51.19
PROD00004719,Toys,375.86,10.96,0,0.5118507790523874,51.19
PROD00008180,Home,240.88,29.32,1,0.5117664503652137,51.18
PROD00009468,Books,153.99,49.3,1,0.5117137102995452,51.17
PROD00003169,Books,303.13,10.13,0,0.5116640977916379,51.17
PROD00008034,Clothing,217.68,15.17,1,0.5116148659187297,51.16
PROD00005741,Toys,463.31,25.88,1,0.5116343047181174,51.16
PROD00006359,Toys,404.75,2.93,1,0.5115445468402192,51.15
PROD00008818,Books,21.47,26.57,1,0.5114722025855424,51.15
PROD00002649,Clothing,236.66,13.66,0,0.5114423629128219,51.14
PROD00004890,Clothing,98.74,3.51,0,0.5113000512662009,51.13
PROD00003161,Home,381.27,48.04,1,0.5113422746178891,51.13
PROD00009318,Home,278.34,44.82,0,0.5111685141631845,51.12
PROD00005353,Home,408.55,15.58,1,0.5112264808080546,51.12
PROD00006741,Home,40.28,26.75,1,0.5110580240713499,51.11
PROD00003273,Home,185.82,40.56,1,0.5108849788559393,51.09
PROD00006240,Books,73.64,32.84,0,0.5109065583605663,51.09
PROD00004349,Toys,313.39,49.69,1,0.5107792804365746,51.08
PROD00009938,Home,61.96,14.44,0,0.510818330567537,51.08
PROD00009825,Books,94.28,46.73,1,0.5105534312226377,51.06
PROD00004303,Toys,135.75,34.22,1,0.5105003355244744,51.05
PROD00008739,Home,366.46,43.35,0,0.5105331951804764,51.05
PROD00004434,Electronics,261.94,24.55,1,0.5104666648512357,51.05
PROD00009011,Electronics,242.33,2.75,1,0.5104457555965576,51.04
PROD00002878,Clothing,322.22,34.23,1,0.5102668413801743,51.03
PROD00008596,Clothing,66.23,19.56,0,0.5103141822538401,51.03
PROD00005460,Electronics,51.4,22.02,0,0.5102801611859832,51.03
PROD00005523,Books,148.82,14.2,1,0.5102566008686835,51.03
PROD00004849,Books,13.6,29.88,0,0.5102273358946138,51.02
PROD00007681,Books,355.87,24.16,0,0.5101071380478636,51.01
PROD00000540,Books,432.21,34.19,1,0.51005625930062,51.01
PROD00007967,Home,54.34,36.79,0,0.5101342389025003,51.01
PROD00004029,Home,146.81,32.86,1,0.5098921320987023,50.99
PROD00001600,Clothing,209.86,35.21,0,0.5097798044325698,50.98
PROD00007026,Home,425.59,48.83,1,0.5096938971608724,50.97
PROD00003483,Home,483.26,17.83,1,0.5095906791439234,50.96
PROD00000502,Books,451.8,18.3,0,0.5093608627648788,50.94
PROD00007514,Books,35.17,42.93,0,0.5093559492068483,50.94
PROD00009577,Home,268.8,21.99,0,0.5090620032904406,50.91
PROD00001892,Home,211.81,16.49,1,0.5090884034613994,50.91
PROD00008467,Electronics,291.25,17.32,0,0.5089563012048937,50.9
PROD00004122,Home,93.7,33.89,1,0.5089511338710078,50.9
PROD00008494,Clothing,146.88,22.92,1,0.5090472844954755,50.9
PROD00005640,Books,130.88,25.17,0,0.5089161314311105,50.89
PROD00008032,Books,197.3,18.16,0,0.5088701752990235,50.89
PROD00006102,Home,67.66,39.05,0,0.5087740009239661,50.88
PROD00006716,Home,100.29,39.73,0,0.5087903205362774,50.88
PROD00009173,Toys,141.07,8.61,1,0.5087682233827382,50.88
PROD00007982,Books,277.37,43.53,1,0.5086643580790058,50.87
PROD00005816,Electronics,330.8,42.52,0,0.5087393472600849,50.87
PROD00000618,Home,493.34,22.75,1,0.5086192873995381,50.86
PROD00001718,Toys,126.36,42.96,1,0.5086292242250542,50.86
PROD00008363,Books,301.4,5.05,1,0.5085293123324875,50.85
PROD00009488,Home,156.36,33.1,1,0.5083561015533725,50.84
PROD00005823,Books,148.18,35.12,1,0.5082501236187882,50.83
PROD00004620,Books,379.98,41.36,1,0.5082930722191149,50.83
PROD00001132,Electronics,345.98,29.19,0,0.5079596345970393,50.8
PROD00006886,Home,388.34,17.2,0,0.507986663715847,50.8
PROD00003316,Electronics,391.08,30.32,0,0.5080112229638969,50.8
PROD00006209,Toys,112.94,44.57,1,0.507852439738645,50.79
PROD00002888,Electronics,496.73,32.6,0,0.5078883126952853,50.79
PROD00000597,Home,459.32,12.01,0,0.5079388562870424,50.79
PROD00007270,Toys,437.04,41.59,0,0.5077506137015791,50.78
PROD00004764,Books,497.28,24.18,0,0.5078112111192635,50.78
PROD00002140,Electronics,130.99,44.35,0,0.5077867364734202,50.78
PROD00006069,Electronics,280.56,15.1,0,0.5078490742993536,50.78
PROD00003011,Home,367.55,30.07,1,0.5078022851330055,50.78
PROD00005933,Electronics,246.95,21.67,1,0.507794279484385,50.78
PROD00007821,Electronics,295.93,5.03,0,0.5075336539470627,50.75
PROD00008858,Electronics,355.68,25.13,1,0.5074373275220677,50.74
PROD00008902,Books,242.37,0.03,0,0.5073381182896005,50.73
PROD00000667,Home,449.4,43.21,0,0.5072067564841912,50.72
PROD00009756,Books,180.3,14.14,0,0.5070665732909362,50.71
PROD00006978,Clothing,57.19,16.74,0,0.5069991843955135,50.7
PROD00009707,Electronics,232.7,38.02,1,0.5069822176457784,50.7
PROD00005378,Books,35.0,49.7,1,0.5067912934739943,50.68
PROD00008921,Clothing,335.48,44.97,1,0.5068202025260768,50.68
PROD00006358,Home,94.4,0.0,1,0.506734454248256,50.67
PROD00002931,Clothing,174.62,15.22,1,0.5065518638560355,50.66
PROD00000394,Electronics,244.13,23.62,1,0.50656188390072,50.66
PROD00009126,Clothing,264.89,5.84,0,0.5065808328872009,50.66
PROD00006807,Clothing,423.16,14.18,1,0.5066054885097082,50.66
PROD00004858,Books,140.55,22.91,1,0.5065361340886757,50.65
PROD00001265,Clothing,103.32,3.87,1,0.5064805794908419,50.65
PROD00009989,Home,354.44,42.94,0,0.5064892663482773,50.65
PROD00007164,Electronics,297.2,6.79,1,0.5064756166279841,50.65
PROD00008887,Clothing,277.85,33.8,0,0.5064045447374091,50.64
PROD00008525,Clothing,318.91,18.62,0,0.5064212735471875,50.64
PROD00001426,Electronics,305.65,6.74,0,0.506358087503415,50.64
PROD00003432,Books,212.92,13.7,0,0.5063284396252848,50.63
PROD00008938,Electronics,454.96,17.65,1,0.5061704876209332,50.62
PROD00003712,Home,485.74,39.58,0,0.5061311847396417,50.61
PROD00004868,Home,159.87,20.22,0,0.5060695923351906,50.61
PROD00001949,Electronics,194.41,29.12,1,0.5061470560814747,50.61
PROD00001779,Toys,85.32,0.17,0,0.5059589335549854,50.6
PROD00005301,Books,412.74,30.49,1,0.5058502199924848,50.59
PROD00001559,Home,399.11,16.12,1,0.5059117966042144,50.59
PROD00007399,Electronics,397.76,1.5,0,0.5057610297577964,50.58
PROD00007684,Books,327.07,7.0,1,0.5057686046847775,50.58
PROD00001385,Home,205.66,39.15,1,0.5056707671797559,50.57
PROD00009149,Electronics,299.36,33.82,0,0.505563393962583,50.56
PROD00001797,Books,219.66,25.77,1,0.5055815199298044,50.56
PROD00008860,Clothing,90.94,38.67,0,0.5056470142622912,50.56
PROD00007895,Toys,190.11,34.32,0,0.505481412224917,50.55
PROD00008233,Electronics,487.87,32.5,0,0.5054992242973003,50.55
PROD00001342,Home,27.5,27.83,0,0.5055406722568434,50.55
PROD00005626,Clothing,220.34,46.51,0,0.5053912325644996,50.54
PROD00002872,Books,389.48,32.45,1,0.5052607449918963,50.53
PROD00000388,Home,476.96,21.74,0,0.5052474079861087,50.52
PROD00005343,Toys,83.89,4.7,0,0.5052007407982456,50.52
PROD00003687,Home,448.14,38.01,0,0.5051501499154873,50.52
PROD00008107,Clothing,165.64,10.44,1,0.5051617907053564,50.52
PROD00005000,Home,28.15,48.61,1,0.5051620159851642,50.52
PROD00009300,Clothing,176.45,0.66,1,0.5049631542644698,50.5
PROD00000781,Books,174.71,7.44,1,0.5050037487877891,50.5
PROD00003600,Toys,98.27,42.38,1,0.5049298398232277,50.49
PROD00001223,Books,157.47,34.7,1,0.5049050022465086,50.49
PROD00001840,Toys,229.3,33.04,1,0.5049318432436779,50.49
PROD00008882,Books,216.5,48.53,0,0.504949261612559,50.49
PROD00009231,Electronics,463.82,33.73,0,0.5047775667770432,50.48
PROD00009594,Home,98.28,13.0,1,0.5047681684891132,50.48
PROD00007492,Toys,147.09,32.64,1,0.5047376460596167,50.47
PROD00001546,Books,5.81,48.88,0,0.5044150322589007,50.44
PROD00003317,Clothing,384.2,16.75,0,0.5042680751704247,50.43
PROD00001308,Electronics,73.52,8.22,0,0.5042655518746751,50.43
PROD00007271,Electronics,287.66,40.73,1,0.504292429570287,50.43
PROD00005414,Clothing,195.17,28.85,0,0.50430566348137,50.43
PROD00006423,Toys,78.86,28.72,1,0.5043035769060212,50.43
PROD00001077,Home,482.35,28.46,1,0.5043086517655574,50.43
PROD00008707,Home,128.92,2.14,0,0.5041537469549092,50.42
PROD00003873,Books,112.66,23.01,1,0.5041173751270774,50.41
PROD00009965,Toys,499.69,24.91,0,0.5039669597779038,50.4
PROD00004370,Clothing,259.56,34.72,1,0.5039635124229558,50.4
PROD00001318,Clothing,272.88,17.08,0,0.50389803253872,50.39
PROD00000750,Home,357.52,35.59,1,0.5038922775304395,50.39
PROD00007833,Home,68.58,32.09,1,0.5038906392533863,50.39
PROD00001611,Clothing,12.7,33.98,0,0.5038971786677457,50.39
PROD00006007,Electronics,116.09,31.59,0,0.5038376960932246,50.38
PROD00006610,Toys,481.49,29.07,0,0.5036558467739544,50.37
PROD00000557,Clothing,422.06,0.44,1,0.503685379708474,50.37
PROD00004523,Clothing,299.28,7.71,0,0.503717563941571,50.37
PROD00002216,Books,279.12,34.42,1,0.5036073563777881,50.36
PROD00003020,Home,368.74,31.18,1,0.503562989245934,50.36
PROD00004389,Books,229.72,42.99,1,0.5034581560340333,50.35
PROD00009913,Books,253.06,9.12,0,0.5034631715788942,50.35
PROD00000997,Home,94.15,23.71,0,0.503508652330493,50.35
PROD00000931,Electronics,355.83,33.56,1,0.5034977324111394,50.35
PROD00006838,Electronics,80.31,19.03,0,0.5035032338291884,50.35
PROD00003128,Books,225.97,48.77,1,0.5034684582505228,50.35
PROD00009857,Home,179.32,44.79,0,0.5034318819635072,50.34
PROD00009009,Books,387.82,15.81,0,0.5034418634635559,50.34
PROD00006373,Toys,181.71,44.92,0,0.5033953565006145,50.34
PROD00003933,Home,198.7,24.68,1,0.5032931143082372,50.33
PROD00005050,Books,71.57,33.34,0,0.5032813348207035,50.33
PROD00004937,Home,260.66,43.89,1,0.5030769816333911,50.31
PROD00002454,Home,324.84,48.95,1,0.5030246470530413,50.3
PROD00008671,Electronics,439.01,23.4,0,0.5029848344541045,50.3
PROD00008899,Electronics,373.11,13.55,0,0.5030009386513189,50.3
PROD00000471,Clothing,289.2,7.89,0,0.5028917453420645,50.29
PROD00007146,Electronics,233.29,46.89,0,0.5029068831443593,50.29
PROD00004137,Toys,193.42,25.09,0,0.5028542273430269,50.29
PROD00003159,Toys,198.6,26.06,0,0.5028462804809631,50.28
PROD00000627,Books,409.21,23.52,1,0.5027314980614558,50.27
PROD00005901,Toys,262.29,42.06,1,0.5026686975308757,50.27
PROD00001813,Electronics,117.92,16.48,1,0.5025962483578359,50.26
PROD00004459,Clothing,92.75,11.39,0,0.5025649975138284,50.26
PROD00009062,Electronics,34.28,15.91,1,0.5026327106841271,50.26
PROD00002073,Home,463.64,8.95,0,0.5025548073302261,50.26
PROD00006050,Clothing,152.27,5.1,1,0.5025246107689799,50.25
PROD00001319,Electronics,68.67,9.78,0,0.5024641400481396,50.25
PROD00005493,Electronics,452.64,18.44,0,0.5023954276681067,50.24
PROD00001326,Toys,264.37,12.01,1,0.5022884752275111,50.23
PROD00005356,Home,197.66,18.54,1,0.502225161867527,50.22
PROD00000878,Home,248.88,23.35,1,0.5019508413662698,50.2
PROD00005989,Clothing,447.81,1.5,1,0.5019511986467285,50.2
PROD00008901,Books,288.5,5.19,1,0.5019703184181127,50.2
PROD00009559,Toys,278.55,41.8,0,0.5019230223439367,50.19
PROD00002551,Books,16.96,32.35,1,0.5018825383725708,50.19
PROD00003531,Clothing,221.72,9.03,1,0.5019039904180738,50.19
PROD00009742,Toys,234.24,20.53,1,0.5017985502457029,50.18
PROD00007706,Toys,390.89,38.8,1,0.5016344243672084,50.16
PROD00007977,Electronics,277.66,35.49,1,0.5014876106791709,50.15
PROD00002957,Books,230.78,25.38,1,0.501479779488988,50.15
PROD00008124,Books,362.25,39.53,0,0.5015056661334292,50.15
PROD00006306,Toys,307.84,46.76,0,0.5013938878306095,50.14
PROD00005543,Books,322.52,18.12,0,0.5013794299849668,50.14
PROD00008131,Books,205.98,30.29,0,0.5013763205827767,50.14
PROD00003272,Home,161.7,2.85,0,0.5010795250043313,50.11
PROD00005245,Electronics,426.66,18.4,0,0.5011294009678797,50.11
PROD00001760,Home,270.31,28.89,0,0.5008846764204041,50.09
PROD00009675,Clothing,396.54,37.87,1,0.5007714893340502,50.08
PROD00000849,Home,217.88,45.89,0,0.5007542274668817,50.08
PROD00008317,Clothing,492.12,32.62,1,0.5008483451323641,50.08
PROD00007035,Toys,16.88,30.9,1,0.5008121169587614,50.08
PROD00000517,Books,239.41,11.45,0,0.500724204640276,50.07
PROD00003206,Clothing,353.86,7.14,1,0.5006327223605789,50.06
PROD00000297,Electronics,449.62,5.68,0,0.5004673696491914,50.05
PROD00006125,Toys,367.61,48.42,0,0.500467527657378,50.05
PROD00002477,Books,244.01,4.03,1,0.5004681389675967,50.05
PROD00004651,Clothing,133.74,14.73,0,0.5003888863551221,50.04
PROD00004156,Toys,19.72,14.05,0,0.500432137026043,50.04
PROD00008314,Books,244.3,11.62,0,0.5003325743944617,50.03
PROD00009949,Home,177.94,24.07,1,0.5001734191591114,50.02
PROD00003541,Toys,169.29,21.54,1,0.5002255322346129,50.02
PROD00002510,Toys,309.83,7.11,1,0.5001215570650204,50.01
PROD00002092,Clothing,468.44,12.34,0,0.5000008162925056,50.0
PROD00003692,Books,294.67,21.24,0,0.49976307185538243,49.98
PROD00007725,Clothing,277.94,35.11,0,0.49976223696075395,49.98
PROD00005968,Home,110.34,9.79,0,0.49979747231786503,49.98
PROD00006310,Clothing,378.01,1.16,0,0.4998270482645537,49.98
PROD00002312,Electronics,187.56,40.01,0,0.49982310268175906,49.98
PROD00001530,Toys,301.67,45.02,0,0.4996575639554392,49.97
PROD00007495,Books,144.15,3.38,0,0.49969411469661434,49.97
PROD00000024,Toys,274.29,2.49,0,0.4995246693824991,49.95
PROD00003348,Books,494.58,43.58,0,0.4994810451420882,49.95
PROD00005889,Clothing,441.18,22.07,1,0.4994057898753916,49.94
PROD00001807,Books,337.73,18.19,1,0.4994472466286222,49.94
PROD00009294,Books,111.54,29.02,1,0.4991605280937258,49.92
PROD00004927,Home,305.19,2.7,0,0.4991597920543826,49.92
PROD00001661,Toys,165.99,43.0,0,0.49911656018022466,49.91
PROD00007961,Home,364.49,26.72,0,0.49905515520502564,49.91
PROD00008208,Toys,368.06,35.2,1,0.4991287486992768,49.91
PROD00008450,Books,333.31,32.86,1,0.49900522733138064,49.9
PROD00008382,Electronics,148.82,0.29,0,0.49888534794967493,49.89
PROD00002031,Books,161.55,20.35,0,0.49893129694838906,49.89
PROD00001703,Clothing,434.91,17.33,1,0.49889064077549944,49.89
PROD00003295,Toys,417.05,41.38,0,0.49864818661759125,49.86
PROD00004757,Home,398.5,46.53,0,0.4986456123980136,49.86
PROD00004984,Electronics,431.99,16.46,0,0.49851771223415725,49.85
PROD00007134,Toys,229.1,13.17,1,0.4985081842812806,49.85
PROD00003544,Toys,82.83,34.04,1,0.4983915998929829,49.84
PROD00008254,Electronics,409.45,5.09,1,0.498428708690668,49.84
PROD00004424,Toys,253.2,19.46,0,0.498380125560111,49.84
PROD00008913,Clothing,260.1,46.7,1,0.49844594900156164,49.84
PROD00005362,Electronics,295.76,30.94,1,0.4984135742793824,49.84
PROD00006879,Toys,70.06,48.05,0,0.49844268302129124,49.84
PROD00007777,Books,132.45,38.78,1,0.498310861390267,49.83
PROD00000846,Home,424.75,42.18,1,0.49829446145371786,49.83
PROD00000751,Books,20.62,1.89,0,0.49818224615396384,49.82
PROD00009613,Home,276.67,26.5,0,0.4982003238638088,49.82
PROD00006426,Books,194.33,30.63,1,0.4980791194723572,49.81
PROD00002210,Books,145.27,16.58,0,0.49788400353294576,49.79
PROD00004807,Clothing,397.17,25.92,1,0.4978887485016823,49.79
PROD00004298,Clothing,439.04,41.61,1,0.4977612954919861,49.78
PROD00009404,Home,187.99,50.0,0,0.4977143465681193,49.77
PROD00008851,Toys,437.96,21.39,1,0.4975547908323765,49.76
PROD00008287,Electronics,392.52,12.41,1,0.49763419126339226,49.76
PROD00007604,Clothing,112.48,4.23,0,0.4976046521574706,49.76
PROD00004599,Clothing,438.65,44.0,1,0.4973936567823105,49.74
PROD00005918,Toys,194.02,40.87,1,0.49727888139919907,49.73
PROD00009793,Clothing,192.81,26.32,1,0.4973308803814032,49.73
PROD00003003,Home,459.66,48.74,0,0.49730144136128795,49.73
PROD00004884,Home,343.59,21.34,1,0.4971609280861604,49.72
PROD00003074,Home,85.5,2.7,0,0.49700782192596166,49.7
PROD00007657,Toys,159.83,48.65,0,0.4968623218019062,49.69
PROD00004747,Clothing,428.41,7.96,1,0.4968611714713873,49.69
PROD00001176,Toys,82.17,41.45,1,0.49676413843363243,49.68
PROD00004746,Clothing,313.8,25.48,0,0.496678514999496,49.67
PROD00002572,Books,202.95,14.57,0,0.49667449411346865,49.67
PROD00006993,Electronics,385.49,48.94,1,0.4965880238229194,49.66
PROD00007857,Home,273.86,5.8,0,0.49658288599742245,49.66
PROD00005724,Home,338.47,40.45,1,0.49661584063557535,49.66
PROD00003537,Toys,83.85,34.96,1,0.49654311442973736,49.65
PROD00003697,Toys,297.94,12.69,0,0.49648381442624856,49.65
PROD00000851,Toys,64.06,40.97,0,0.49636905084879424,49.64
PROD00008269,Clothing,265.77,1.05,0,0.4962805846681533,49.63
PROD00006030,Home,156.2,46.99,0,0.4963186113179134,49.63
PROD00003212,Electronics,78.99,1.46,0,0.4962273386696822,49.62
PROD00006495,Toys,99.98,36.01,0,0.4960160937803715,49.6
PROD00001069,Home,316.7,40.38,0,0.4960222107007252,49.6
PROD00000663,Home,224.41,26.39,1,0.49603973884685487,49.6
PROD00009973,Toys,150.71,4.63,0,0.49583974046821244,49.58
PROD00000685,Electronics,43.53,2.61,0,0.4957562010626288,49.58
PROD00006478,Books,266.74,21.94,1,0.49576301515463334,49.58
PROD00007822,Toys,43.16,21.88,1,0.49578054041078595,49.58
PROD00005090,Clothing,48.22,2.91,0,0.49572693471599294,49.57
PROD00007537,Books,299.78,25.8,1,0.49550174131519814,49.55
PROD00008631,Electronics,319.47,0.98,0,0.4953036627723133,49.53
PROD00005400,Books,57.6,18.42,0,0.4952932346119584,49.53
PROD00006032,Books,175.71,24.14,1,0.49526507462787134,49.53
PROD00002340,Toys,471.91,2.65,0,0.4951883959731968,49.52
PROD00006197,Home,283.15,8.03,1,0.4950637668750667,49.51
PROD00003058,Books,360.38,40.44,1,0.49514946512022806,49.51
PROD00005075,Toys,240.63,49.63,0,0.4950805314286381,49.51
PROD00005824,Clothing,432.33,19.64,0,0.4950201680858379,49.5
PROD00000515,Electronics,207.29,43.58,0,0.4948904579298524,49.49
PROD00000492,Books,96.48,22.61,1,0.49485794520362275,49.49
PROD00001620,Electronics,431.01,43.37,1,0.49493859684077857,49.49
PROD00007110,Clothing,410.86,17.84,0,0.4948890637259656,49.49
PROD00008846,Toys,180.82,40.75,1,0.494833147210659,49.48
PROD00002390,Clothing,444.08,14.22,1,0.4945729877213942,49.46
PROD00005657,Home,359.49,35.46,0,0.4944579855722127,49.45
PROD00007673,Home,262.27,28.26,1,0.49453567182143704,49.45
PROD00005352,Home,387.93,39.7,1,0.4944382603465731,49.44
PROD00005326,Toys,448.53,23.75,1,0.4942797095191647,49.43
PROD00005376,Books,189.73,21.76,0,0.4943117866136135,49.43
PROD00009010,Electronics,267.44,39.94,1,0.4942264070240352,49.42
PROD00000218,Clothing,221.05,18.29,0,0.49411071859862116,49.41
PROD00009817,Toys,25.2,23.65,0,0.49392261283883104,49.39
PROD00000621,Home,141.34,22.08,1,0.4938259745749786,49.38
PROD00004275,Home,26.4,27.65,0,0.49362913765272454,49.36
PROD00008863,Home,280.99,25.51,0,0.4935832190565412,49.36
PROD00006411,Electronics,176.83,37.84,1,0.49339505015561386,49.34
PROD00007816,Electronics,57.22,20.04,1,0.493306419500526,49.33
PROD00006631,Clothing,358.65,20.5,0,0.4932702189652931,49.33
PROD00003080,Toys,449.15,21.49,1,0.49321732178980043,49.32
PROD00006164,Books,234.4,33.65,0,0.4930677172425822,49.31
PROD00009259,Toys,322.95,7.17,1,0.4930703234222087,49.31
PROD00004444,Toys,118.56,10.22,1,0.4931375298990993,49.31
PROD00002679,Electronics,405.55,44.16,0,0.49308019128127506,49.31
PROD00005019,Home,391.11,30.29,0,0.4930254468446237,49.3
PROD00000859,Toys,9.65,15.33,1,0.4928810911645088,49.29
PROD00008055,Home,271.99,9.33,1,0.49281999242471025,49.28
PROD00003872,Toys,338.22,20.73,1,0.49273921316851554,49.27
PROD00006192,Clothing,25.21,11.36,1,0.4926588656938142,49.27
PROD00000323,Books,60.37,7.97,0,0.4924249450015641,49.24
PROD00001161,Clothing,432.8,17.37,0,0.4923162895248266,49.23
PROD00003230,Home,225.83,45.33,1,0.4922406099961553,49.22
PROD00007362,Books,143.91,10.38,0,0.49203721688104374,49.2
PROD00005779,Toys,358.21,17.7,0,0.49203349864368273,49.2
PROD00002589,Clothing,51.47,33.73,1,0.4920338150460499,49.2
PROD00006914,Books,117.36,10.59,0,0.4919410176501926,49.19
PROD00007701,Home,50.71,27.08,0,0.49193296986296936,49.19
PROD00007325,Books,222.46,40.35,0,0.49191387982353707,49.19
PROD00005136,Toys,453.4,37.71,0,0.4919306521721491,49.19
PROD00003354,Electronics,368.51,24.28,1,0.49167314953697683,49.17
PROD00001975,Home,424.92,18.5,1,0.49174467307141706,49.17
PROD00009234,Books,77.26,4.01,0,0.49155442379139586,49.16
PROD00009401,Home,243.18,49.12,1,0.49117588940596135,49.12
PROD00000395,Books,291.25,7.8,0,0.4911945920561188,49.12
PROD00009471,Books,53.01,33.14,1,0.49106847079437255,49.11
PROD00003373,Books,117.56,38.1,1,0.49092065400089074,49.09
PROD00007006,Home,165.48,11.23,0,0.4907684401813672,49.08
PROD00006813,Electronics,79.18,8.65,1,0.49069625691838276,49.07
PROD00008462,Clothing,155.87,8.87,1,0.490597319905688,49.06
PROD00007782,Clothing,42.88,0.04,1,0.49046944787946845,49.05
PROD00005555,Clothing,143.7,43.52,1,0.49035317415756696,49.04
PROD00004125,Books,490.61,47.42,0,0.4902960039097476,49.03
PROD00000724,Toys,257.46,38.5,0,0.4901614521857642,49.02
PROD00000560,Books,422.32,15.77,1,0.4902436107551331,49.02
PROD00007709,Clothing,317.29,9.79,0,0.4901340151617618,49.01
PROD00009868,Toys,81.23,27.07,1,0.49012848188150415,49.01
PROD00007069,Home,275.01,6.86,0,0.49011202493635736,49.01
PROD00004144,Home,197.25,3.22,1,0.4899817066991657,49.0
PROD00006804,Clothing,145.13,15.43,1,0.4894614324081294,48.95
PROD00008699,Books,407.18,30.94,0,0.48922235790474666,48.92
PROD00000397,Electronics,470.24,47.42,0,0.4890547735422806,48.91
PROD00008547,Electronics,463.04,4.61,0,0.4890762827651515,48.91
PROD00002525,Toys,214.97,48.99,0,0.48913658196596893,48.91
PROD00007634,Clothing,112.19,49.97,1,0.4891408775714811,48.91
PROD00003077,Electronics,213.99,14.24,0,0.4889548317619434,48.9
PROD00007105,Clothing,432.74,8.91,1,0.4889884554804407,48.9
PROD00006234,Home,36.91,7.27,0,0.4890273012260952,48.9
PROD00003860,Electronics,91.07,13.69,0,0.48890182350226624,48.89
PROD00008989,Electronics,211.5,41.16,0,0.48878389876358463,48.88
PROD00006356,Books,396.98,5.87,1,0.48854242529321523,48.85
PROD00000055,Home,352.93,22.83,1,0.4884976679329713,48.85
PROD00008746,Home,223.16,3.44,0,0.4884093445482525,48.84
PROD00004978,Home,109.15,31.37,0,0.488325324313091,48.83
PROD00005570,Books,114.76,46.14,1,0.48817301731106316,48.82
PROD00007528,Toys,348.37,49.17,1,0.48778227674876684,48.78
PROD00005316,Books,158.87,41.92,1,0.4878229457073389,48.78
PROD00006290,Books,235.94,7.17,1,0.4878242326558762,48.78
PROD00004748,Home,467.19,19.24,0,0.4877096754288077,48.77
PROD00008672,Clothing,314.31,9.58,1,0.4876791894617212,48.77
PROD00007141,Books,139.4,24.73,1,0.48755274620595973,48.76
PROD00002752,Home,489.09,0.48,0,0.48759072793612673,48.76
PROD00000987,Home,465.19,2.61,1,0.4875996837692187,48.76
PROD00001786,Electronics,49.7,31.26,1,0.48762385483788245,48.76
PROD00008907,Home,386.65,15.64,0,0.487562519942014,48.76
PROD00006870,Electronics,115.17,2.29,1,0.4874647054649273,48.75
PROD00005133,Electronics,438.81,49.73,0,0.4872863005855108,48.73
PROD00005171,Clothing,150.0,4.52,1,0.48728745392135603,48.73
PROD00001040,Clothing,159.61,33.24,0,0.48705715261817806,48.71
PROD00009736,Toys,82.29,39.28,1,0.48712912376003115,48.71
PROD00008179,Toys,476.3,8.58,1,0.4870653138431689,48.71
PROD00007994,Toys,452.07,9.93,1,0.4870386632974463,48.7
PROD00001782,Home,86.81,3.37,0,0.4869752094537215,48.7
PROD00006188,Home,451.14,12.33,0,0.4869087184086547,48.69
PROD00008082,Home,218.86,12.9,1,0.4867912347093494,48.68
PROD00005393,Books,470.42,37.13,1,0.486764702806585,48.68
PROD00006002,Books,436.18,40.41,0,0.4866781340089826,48.67
PROD00003808,Books,83.36,12.2,1,0.48665118965007587,48.67
PROD00002453,Clothing,422.37,36.56,0,0.4866115291876467,48.66
PROD00009295,Books,107.11,11.83,1,0.4865142466912527,48.65
PROD00006051,Toys,277.13,20.31,1,0.48635156878522484,48.64
PROD00009059,Home,427.42,22.14,1,0.48605601208266175,48.61
PROD00005609,Clothing,39.16,25.64,0,0.4859400419691075,48.59
PROD00009221,Electronics,367.49,5.04,1,0.4858633649589985,48.59
PROD00001214,Home,18.46,30.6,0,0.485869328418476,48.59
PROD00005599,Books,313.43,47.21,1,0.4856049706251736,48.56
PROD00004069,Home,76.6,41.97,1,0.4855798989200716,48.56
PROD00008779,Books,376.03,37.88,0,0.4856404398672395,48.56
PROD00003875,Toys,7.71,7.77,1,0.48528609566827147,48.53
PROD00003604,Books,418.88,8.67,1,0.48529154435631017,48.53
PROD00001788,Electronics,84.2,11.5,0,0.4852206535890562,48.52
PROD00001829,Home,377.71,19.06,0,0.4851508178515517,48.52
PROD00004426,Electronics,90.8,33.65,0,0.48511649521770506,48.51
PROD00001202,Books,126.96,17.6,0,0.48465425029930215,48.47
PROD00001376,Home,338.37,35.96,1,0.4847421944956558,48.47
PROD00009106,Books,138.76,19.48,0,0.48470969761609234,48.47
PROD00005459,Clothing,377.75,5.47,0,0.4846134631023364,48.46
PROD00009654,Clothing,76.09,3.74,1,0.48461719838389794,48.46
PROD00003614,Toys,414.21,13.52,0,0.48456374818733755,48.46
PROD00005282,Clothing,209.82,8.59,1,0.48452035683218303,48.45
PROD00005716,Books,370.45,9.26,1,0.4843185644717536,48.43
PROD00005183,Home,191.21,18.4,0,0.4842594722015287,48.43
PROD00008936,Toys,380.74,36.91,1,0.4841549619654098,48.42
PROD00001902,Toys,155.6,14.39,1,0.484063701350294,48.41
PROD00007002,Home,398.17,32.52,1,0.4840093301934306,48.4
PROD00005154,Electronics,326.37,48.63,1,0.4839135077647803,48.39
PROD00005307,Electronics,95.28,37.58,1,0.4837697826257697,48.38
PROD00002853,Home,25.73,3.2,1,0.4836711480847636,48.37
PROD00009783,Toys,350.02,13.2,0,0.4835889229033908,48.36
PROD00000705,Clothing,415.86,32.67,0,0.483498606451619,48.35
PROD00009109,Books,329.56,6.21,1,0.4834968355457758,48.35
PROD00002051,Clothing,114.68,16.91,1,0.4835435611006052,48.35
PROD00004385,Home,239.03,17.17,0,0.48341094471268437,48.34
PROD00006083,Electronics,169.09,37.53,0,0.4831946739183788,48.32
PROD00004588,Toys,324.5,47.57,0,0.4832225201602288,48.32
PROD00005478,Home,100.54,30.23,0,0.48306071986049587,48.31
PROD00009100,Electronics,462.51,49.34,1,0.4828536347023715,48.29
PROD00008119,Home,361.15,45.63,1,0.48289174311945016,48.29
PROD00009113,Books,238.88,24.4,0,0.4828237671117612,48.28
PROD00008441,Electronics,483.12,39.97,0,0.4827668173764044,48.28
PROD00004039,Electronics,66.46,35.01,0,0.4827564235744487,48.28
PROD00001399,Books,274.43,41.0,0,0.48284856686176525,48.28
PROD00002399,Books,402.05,5.26,0,0.482649190173216,48.26
PROD00006233,Toys,493.54,17.21,0,0.4826236116507976,48.26
PROD00009045,Home,31.92,32.01,0,0.482537196801781,48.25
PROD00007457,Toys,426.44,29.42,0,0.4824833877153611,48.25
PROD00003481,Books,385.77,19.17,0,0.4824308982123927,48.24
PROD00001849,Electronics,402.03,3.5,1,0.4824386283203649,48.24
PROD00004198,Clothing,285.18,14.68,0,0.4821741265519979,48.22
PROD00000630,Clothing,422.22,36.66,1,0.48218052762834573,48.22
PROD00006508,Toys,415.6,31.31,0,0.4820760530984829,48.21
PROD00006107,Books,161.68,1.9,0,0.4821231633797327,48.21
PROD00000242,Clothing,89.8,7.86,1,0.4821181675978631,48.21
PROD00005420,Home,318.7,23.2,0,0.4820890965707017,48.21
PROD00002367,Toys,225.21,36.26,0,0.48211694405855887,48.21
PROD00003934,Toys,444.13,48.48,0,0.48197638230367623,48.2
PROD00002444,Electronics,151.15,9.36,1,0.4820404712776965,48.2
PROD00004324,Toys,369.67,49.89,1,0.48189823242269775,48.19
PROD00009889,Home,231.98,3.95,0,0.48191100756439553,48.19
PROD00006465,Toys,235.17,17.47,1,0.4818563100200249,48.19
PROD00004880,Clothing,448.24,31.37,1,0.48185310546263393,48.19
PROD00001555,Home,284.48,29.87,0,0.4818432586846472,48.18
PROD00005367,Home,34.07,47.08,0,0.4816047265967673,48.16
PROD00006191,Clothing,435.87,27.1,0,0.4815813119391236,48.16
PROD00001648,Home,394.58,9.51,1,0.4815918186663017,48.16
PROD00004319,Clothing,7.82,2.73,1,0.48154675501019156,48.15
PROD00006158,Books,98.02,19.79,0,0.4815409094926303,48.15
PROD00009389,Toys,61.45,23.53,1,0.48137084285008575,48.14
PROD00009535,Electronics,196.78,2.94,0,0.4813309035427016,48.13
PROD00001021,Books,292.29,38.61,1,0.4812465403431553,48.12
PROD00004154,Home,399.73,42.49,0,0.48110341682356655,48.11
PROD00001195,Toys,328.05,9.28,1,0.4811133956856112,48.11
PROD00003590,Toys,140.22,12.76,0,0.48085109392085545,48.09
PROD00003072,Toys,207.7,36.67,0,0.48088640698037566,48.09
PROD00004150,Home,165.96,26.3,0,0.48092597063328707,48.09
PROD00007264,Toys,112.24,8.05,1,0.4808681484969226,48.09
PROD00008670,Books,252.44,5.41,0,0.4808111959549647,48.08
PROD00007715,Toys,253.9,28.27,1,0.4808317573018679,48.08
PROD00004756,Home,426.04,14.02,0,0.48070602108384974,48.07
PROD00001633,Clothing,431.51,19.75,0,0.48061303058014393,48.06
PROD00000442,Books,187.23,42.11,0,0.48055101397782496,48.06
PROD00002721,Clothing,22.07,4.66,1,0.4805876135899693,48.06
PROD00000548,Electronics,382.24,13.26,0,0.4805155137240128,48.05
PROD00006200,Home,418.62,5.04,0,0.4805456620706299,48.05
PROD00001917,Electronics,345.32,32.1,0,0.48037008781873514,48.04
PROD00008010,Books,418.46,19.24,0,0.4803919473316747,48.04
PROD00000375,Clothing,425.24,32.36,1,0.48041470970836997,48.04
PROD00005682,Toys,352.59,46.01,1,0.480312160300543,48.03
PROD00003914,Toys,115.11,21.86,1,0.4801926968092435,48.02
PROD00004913,Electronics,462.07,33.7,1,0.48024767906732174,48.02
PROD00005322,Home,439.76,13.2,1,0.4797544384669597,47.98
PROD00008407,Home,498.46,7.66,1,0.4797719187610237,47.98
PROD00007503,Clothing,30.66,20.0,1,0.47979290748948883,47.98
PROD00003629,Electronics,448.41,39.28,0,0.4794839245619953,47.95
PROD00009683,Home,147.25,34.95,0,0.47940091926423645,47.94
PROD00001955,Home,339.35,28.5,0,0.47932229183987807,47.93
PROD00000105,Home,287.93,3.37,0,0.4792228877971359,47.92
PROD00003995,Books,43.17,33.26,1,0.4791997454558961,47.92
PROD00001039,Clothing,119.19,37.71,0,0.47908072914241223,47.91
PROD00009746,Home,129.92,23.12,1,0.4789997468699997,47.9
PROD00003410,Books,299.32,48.68,0,0.4789036592818896,47.89
PROD00005802,Electronics,469.48,49.88,0,0.47893463884906784,47.89
PROD00006752,Home,455.37,15.83,1,0.4788491221671812,47.88
PROD00006257,Home,380.32,46.28,1,0.4787006212936827,47.87
PROD00008623,Clothing,190.77,21.91,1,0.4785772041283247,47.86
PROD00003795,Clothing,178.51,37.35,0,0.47826500245580295,47.83
PROD00006370,Home,57.82,8.83,0,0.47821496341076425,47.82
PROD00000470,Toys,385.21,2.31,0,0.47805590039409923,47.81
PROD00003714,Electronics,9.5,45.32,0,0.4777559984256861,47.78
PROD00004754,Clothing,86.57,48.43,0,0.47781204673088,47.78
PROD00004010,Electronics,329.44,45.94,0,0.4777574393882723,47.78
PROD00006528,Clothing,389.03,2.3,1,0.4776648704240918,47.77
PROD00003400,Home,63.79,0.09,1,0.4774871239711971,47.75
PROD00004690,Home,343.98,0.51,0,0.47736131406137294,47.74
PROD00003427,Electronics,386.91,45.51,1,0.4774182033763343,47.74
PROD00002668,Books,328.09,20.55,1,0.4771402528708129,47.71
PROD00007806,Books,170.87,10.96,1,0.477088393406769,47.71
PROD00007952,Books,281.31,32.55,1,0.4770604337787085,47.71
PROD00006554,Toys,327.68,7.5,1,0.4769578962634133,47.7
PROD00007738,Home,400.83,49.28,0,0.47658558209293034,47.66
PROD00006565,Toys,185.94,15.92,1,0.47655482281550976,47.66
PROD00003162,Books,88.62,10.56,1,0.47642019084738113,47.64
PROD00006247,Toys,458.49,22.32,1,0.47630139412472694,47.63
PROD00009028,Toys,50.65,1.76,1,0.4762965369989015,47.63
PROD00007443,Toys,26.21,2.35,0,0.4759965206593493,47.6
PROD00005825,Clothing,492.9,9.09,1,0.4759958115512983,47.6
PROD00005573,Clothing,154.42,31.83,0,0.4757912162721627,47.58
PROD00007482,Home,84.04,16.1,0,0.4756874286911162,47.57
PROD00000503,Toys,178.44,26.58,1,0.47566782395487234,47.57
PROD00000451,Home,74.49,36.77,0,0.4754957755912896,47.55
PROD00003238,Clothing,326.59,21.09,1,0.475411181207577,47.54
PROD00009078,Electronics,8.16,7.88,0,0.4754160286724257,47.54
PROD00008389,Books,225.4,19.03,1,0.4754347472828648,47.54
PROD00006774,Toys,183.5,5.32,0,0.4753761201128468,47.54
PROD00009305,Toys,197.1,11.53,1,0.4753369256122373,47.53
PROD00001363,Toys,139.53,41.87,1,0.4750377777247267,47.5
PROD00004987,Toys,479.42,1.37,1,0.47480102827777293,47.48
PROD00005879,Books,32.36,4.31,0,0.474663996896359,47.47
PROD00008282,Toys,172.57,26.3,1,0.47456351490960075,47.46
PROD00002316,Home,190.21,17.23,0,0.47439359216345894,47.44
PROD00007193,Books,421.01,40.41,0,0.47435643419903456,47.44
PROD00007934,Home,461.27,38.71,0,0.47399713849833336,47.4
PROD00006365,Home,281.05,13.38,0,0.47384862711447695,47.38
PROD00002113,Electronics,470.65,24.42,1,0.4737050745608247,47.37
PROD00004839,Books,141.07,12.14,0,0.4735689437707383,47.36
PROD00009163,Toys,314.58,49.27,1,0.4735861031862605,47.36
PROD00006425,Clothing,347.14,18.65,0,0.4734618035619696,47.35
PROD00006000,Home,163.79,17.29,1,0.47340305571034375,47.34
PROD00006892,Toys,363.63,12.51,0,0.47344090340443323,47.34
PROD00006787,Home,144.71,41.15,1,0.4733480603085629,47.33
PROD00006096,Toys,436.73,7.44,0,0.47312379862460224,47.31
PROD00002202,Home,279.33,4.96,0,0.47306007749623763,47.31
PROD00006769,Toys,412.73,33.25,0,0.4729831834765918,47.3
PROD00009824,Clothing,244.55,45.57,1,0.4728015774930467,47.28
PROD00008771,Home,26.63,8.25,0,0.47275508624894974,47.28
PROD00006493,Toys,35.65,47.07,0,0.47270271429992355,47.27
PROD00003596,Electronics,231.87,5.93,1,0.47271270173254964,47.27
PROD00003936,Electronics,282.69,12.0,1,0.47268059482697095,47.27
PROD00003320,Toys,111.84,19.11,0,0.47264007922101503,47.26
PROD00004911,Toys,236.8,15.33,1,0.47259142186712894,47.26
PROD00003983,Toys,7.98,10.05,0,0.4725139873036606,47.25
PROD00006559,Clothing,347.08,23.06,0,0.4724796715263307,47.25
PROD00003155,Toys,491.26,34.08,0,0.47238496438437166,47.24
PROD00005715,Electronics,150.64,15.95,0,0.4724347422091506,47.24
PROD00004306,Toys,453.97,7.02,0,0.472307143432534,47.23
PROD00005559,Toys,463.19,1.55,1,0.472172231918047,47.22
PROD00000978,Toys,32.71,9.87,1,0.47211293111965386,47.21
PROD00009175,Clothing,45.8,37.39,0,0.4719953232135323,47.2
PROD00002139,Books,186.63,39.88,1,0.471881211587957,47.19
PROD00001891,Books,453.33,43.48,0,0.471816340981011,47.18
PROD00001910,Toys,75.15,17.74,1,0.47178340084014714,47.18
PROD00005805,Electronics,74.58,21.11,0,0.4717158817452375,47.17
PROD00003359,Home,496.28,5.74,1,0.4716988747730411,47.17
PROD00008147,Toys,285.84,36.6,1,0.4716493493775553,47.16
PROD00000350,Clothing,350.28,0.38,1,0.4715872342487178,47.16
PROD00000777,Toys,415.28,20.92,1,0.47161558653627006,47.16
PROD00004044,Home,332.74,27.56,1,0.47161490589775734,47.16
PROD00007237,Electronics,197.54,40.48,0,0.47147783311304253,47.15
PROD00007007,Home,464.48,30.27,0,0.4714914191305825,47.15
PROD00009383,Clothing,387.46,47.03,1,0.47137436538892413,47.14
PROD00005549,Books,498.06,13.31,0,0.47144746260760806,47.14
PROD00001739,Toys,68.97,27.98,1,0.4714214256186813,47.14
PROD00003092,Clothing,386.45,24.84,1,0.471169826309873,47.12
PROD00007145,Toys,188.05,23.16,0,0.4711911842072529,47.12
PROD00000742,Toys,380.0,13.08,0,0.47115763018671386,47.12
PROD00000660,Books,468.23,45.91,1,0.4711379856035008,47.11
PROD00009033,Toys,437.4,22.2,1,0.4711258416752826,47.11
PROD00004295,Electronics,130.97,36.0,0,0.47099350330287754,47.1
PROD00008876,Home,242.46,5.18,0,0.47087555632462286,47.09
PROD00000836,Toys,67.21,5.64,1,0.4707116207148726,47.07
PROD00009495,Electronics,356.87,21.1,1,0.47053595445628305,47.05
PROD00007973,Toys,494.13,20.48,1,0.47051478625043275,47.05
PROD00000549,Electronics,16.13,6.17,1,0.4704335703429737,47.04
PROD00004970,Clothing,430.98,4.69,0,0.47036193301301443,47.04
PROD00001455,Home,290.74,1.09,0,0.4704324405118049,47.04
PROD00001339,Clothing,113.07,4.66,0,0.4700575083880416,47.01
PROD00004042,Toys,84.63,34.73,0,0.46981179952969293,46.98
PROD00005336,Electronics,272.92,4.03,1,0.4692437266176321,46.92
PROD00007567,Home,343.42,41.06,1,0.4690479764562197,46.9
PROD00009139,Home,302.37,21.5,0,0.46881870682007565,46.88
PROD00001830,Clothing,75.04,15.18,0,0.46882252214440756,46.88
PROD00004393,Toys,24.33,48.81,1,0.46852508611620086,46.85
PROD00006367,Home,158.87,21.27,1,0.46839449694669144,46.84
PROD00002224,Electronics,228.75,7.44,0,0.46833892158032137,46.83
PROD00007504,Home,70.11,13.93,1,0.46808929932014803,46.81
PROD00006262,Home,41.9,7.09,0,0.4676724616593318,46.77
PROD00005078,Toys,155.05,8.51,1,0.46766882388504677,46.77
PROD00002612,Books,104.46,46.23,0,0.46756415627107395,46.76
PROD00003941,Books,280.8,2.43,0,0.46746316140958916,46.75
PROD00003560,Toys,257.29,16.21,1,0.46751103544673933,46.75
PROD00002180,Home,86.14,38.59,0,0.4674122164153764,46.74
PROD00007444,Home,252.58,3.41,0,0.4671726144820368,46.72
PROD00007981,Books,399.15,6.89,1,0.46695021967323513,46.7
PROD00006410,Clothing,377.88,7.73,0,0.46666859744293004,46.67
PROD00009279,Clothing,11.6,3.34,1,0.4665929458212259,46.66
PROD00006732,Home,459.92,47.21,1,0.46643986685509575,46.64
PROD00005723,Clothing,172.37,23.93,0,0.46643089890584455,46.64
PROD00009472,Toys,144.5,33.87,1,0.4663911542532843,46.64
PROD00009284,Books,154.95,28.54,1,0.466390514268804,46.64
PROD00006728,Electronics,301.08,18.29,0,0.4661743495890443,46.62
PROD00008719,Toys,379.51,11.88,1,0.46565710258324094,46.57
PROD00009684,Home,196.54,47.3,0,0.46536886025968666,46.54
PROD00002781,Toys,112.01,24.98,1,0.46532799718726686,46.53
PROD00009202,Toys,474.35,8.22,0,0.4652387544134159,46.52
PROD00008464,Clothing,265.97,20.33,1,0.4651401350538698,46.51
PROD00002004,Electronics,482.22,28.88,1,0.4648803372335317,46.49
PROD00003454,Home,399.16,43.52,1,0.4648021609123322,46.48
PROD00007130,Home,120.14,42.82,0,0.46478120686350627,46.48
PROD00009184,Books,255.78,9.83,0,0.46469167432610625,46.47
PROD00000452,Toys,302.15,23.59,1,0.46469269387323864,46.47
PROD00007865,Home,139.99,40.98,1,0.4645398119915844,46.45
PROD00008134,Books,113.46,42.95,1,0.4644000988276707,46.44
PROD00004352,Toys,331.24,18.9,0,0.46432179684224245,46.43
PROD00005116,Clothing,190.99,39.33,0,0.4642844344826761,46.43
PROD00009810,Home,250.07,21.05,0,0.46427259472424626,46.43
PROD00006526,Books,430.89,29.45,0,0.4643284148264544,46.43
PROD00002044,Home,434.11,31.17,1,0.4640984214252319,46.41
PROD00000122,Home,400.21,36.32,0,0.46375126133769573,46.38
PROD00000977,Home,269.57,17.76,0,0.4638017532147395,46.38
PROD00000662,Clothing,415.57,28.94,0,0.4637138571592579,46.37
PROD00001792,Toys,353.81,2.84,1,0.4635671897573024,46.36
PROD00005310,Books,173.72,15.62,0,0.46362205737297013,46.36
PROD00003395,Toys,475.18,6.63,1,0.4635922538248785,46.36
PROD00003426,Home,352.32,36.93,1,0.46355013792048605,46.36
PROD00000370,Electronics,153.92,34.06,0,0.46357989205582484,46.36
PROD00001961,Electronics,195.17,3.91,0,0.4634722939462432,46.35
PROD00006520,Clothing,219.04,8.37,0,0.4633611573452076,46.34
PROD00009312,Electronics,423.82,45.36,1,0.4631775848169857,46.32
PROD00006224,Toys,442.74,19.93,1,0.46307219180142134,46.31
PROD00009174,Home,370.91,19.04,1,0.46299355816269994,46.3
PROD00000120,Books,245.44,25.44,1,0.46295659656053584,46.3
PROD00006117,Clothing,463.53,3.26,1,0.46285467489682597,46.29
PROD00000311,Home,138.37,33.19,0,0.46293347035081134,46.29
PROD00000495,Home,296.67,8.42,0,0.4629183669854145,46.29
PROD00008311,Electronics,76.13,1.6,1,0.4629388175438269,46.29
PROD00008594,Books,377.8,10.09,1,0.46269293873369954,46.27
PROD00007943,Home,480.35,21.36,1,0.462620197230635,46.26
PROD00006390,Books,57.59,23.43,1,0.46246994136991676,46.25
PROD00005973,Toys,386.86,12.21,1,0.46243082139633557,46.24
PROD00000240,Toys,291.63,13.87,0,0.4621491427159207,46.21
PROD00000391,Electronics,55.73,4.23,1,0.4620682232632955,46.21
PROD00009124,Electronics,484.44,18.99,1,0.4620901030244216,46.21
PROD00005605,Electronics,124.93,43.27,1,0.46214241710921994,46.21
PROD00007501,Books,339.68,25.49,0,0.46205263418633546,46.21
PROD00001277,Electronics,109.36,16.26,0,0.46213947752258955,46.21
PROD00005562,Toys,298.38,1.49,0,0.46185804559068633,46.19
PROD00009898,Books,416.99,47.88,1,0.46175266982471913,46.18
PROD00005952,Clothing,88.15,22.73,1,0.4616999504245685,46.17
PROD00005554,Toys,291.76,29.79,1,0.4617473663227468,46.17
PROD00003651,Toys,428.61,36.58,1,0.4615970811246085,46.16
PROD00008618,Home,467.19,29.46,1,0.461623107853327,46.16
PROD00003249,Books,251.4,5.94,1,0.4615199889602398,46.15
PROD00005111,Home,397.47,1.03,1,0.4615328035702736,46.15
PROD00009653,Toys,245.24,16.56,0,0.46126164292080785,46.13
PROD00007959,Home,334.71,10.18,1,0.4612512134672469,46.13
PROD00004034,Electronics,379.15,23.27,1,0.4613249416967637,46.13
PROD00003434,Books,473.18,1.74,1,0.46118398475369743,46.12
PROD00006126,Books,240.93,41.57,0,0.46111150128440415,46.11
PROD00008886,Electronics,100.83,47.0,0,0.46087203035461566,46.09
PROD00001454,Clothing,471.26,20.11,1,0.460724530471956,46.07
PROD00007148,Toys,140.05,23.39,1,0.4606844098131946,46.07
PROD00001764,Toys,144.44,33.41,1,0.46069557530807026,46.07
PROD00007036,Electronics,172.27,6.28,1,0.4606073672112449,46.06
PROD00001352,Toys,140.34,26.31,1,0.4604998194173628,46.05
PROD00004182,Toys,238.14,23.36,0,0.4605081580426375,46.05
PROD00004017,Clothing,323.97,15.24,1,0.4603569077451758,46.04
PROD00004584,Books,410.14,48.88,0,0.46029306261194447,46.03
PROD00002354,Toys,65.84,5.98,0,0.46025906306920233,46.03
PROD00001678,Home,110.43,24.27,0,0.46020869467094927,46.02
PROD00003810,Books,335.85,25.88,0,0.4600861147727283,46.01
PROD00005780,Home,290.05,33.74,1,0.46008526152221113,46.01
PROD00009627,Home,467.31,26.22,1,0.45940793707370065,45.94
PROD00002805,Toys,304.23,8.78,1,0.45889288202379264,45.89
PROD00009216,Home,478.4,46.41,0,0.45870575823183984,45.87
PROD00001591,Electronics,96.3,8.6,0,0.4584746270458566,45.85
PROD00007784,Home,376.48,15.13,1,0.4585121285669913,45.85
PROD00005963,Toys,496.31,13.38,1,0.4584054703078333,45.84
PROD00005895,Toys,63.91,28.05,0,0.45834367037876206,45.83
PROD00001777,Electronics,245.76,9.81,1,0.45828863788521546,45.83
PROD00007536,Toys,435.4,47.86,1,0.45827463536239377,45.83
PROD00009526,Books,320.5,16.03,1,0.45794387119669144,45.79
PROD00004563,Electronics,415.59,25.73,1,0.4574511282737013,45.75
PROD00007375,Books,28.14,37.37,0,0.4574244364455372,45.74
PROD00002776,Toys,389.69,35.14,0,0.45739871303859975,45.74
PROD00007609,Clothing,93.14,22.39,1,0.45716902534046916,45.72
PROD00008958,Toys,74.2,14.67,0,0.457166350081671,45.72
PROD00007875,Toys,236.81,46.13,0,0.4567049106343855,45.67
PROD00008267,Toys,495.42,11.06,0,0.45639708500588677,45.64
PROD00006414,Clothing,379.51,34.6,1,0.45636957622422064,45.64
PROD00004477,Electronics,232.37,23.53,1,0.45629312669182953,45.63
PROD00008275,Clothing,427.83,7.71,0,0.45629990617205257,45.63
PROD00003918,Books,359.55,31.76,1,0.4559814825775019,45.6
PROD00008460,Home,488.43,49.27,1,0.455946373908887,45.59
PROD00002782,Books,10.2,11.36,0,0.45572217175797386,45.57
PROD00003482,Home,329.42,32.35,0,0.45568579438697,45.57
PROD00003378,Electronics,29.98,10.93,0,0.4555029740181565,45.55
PROD00000493,Books,287.9,11.24,1,0.45541409788616144,45.54
PROD00009951,Toys,223.27,8.76,1,0.4553700673068197,45.54
PROD00007279,Home,375.87,45.72,1,0.4550810544781868,45.51
PROD00007960,Toys,377.28,13.53,1,0.45503745875674684,45.5
PROD00007956,Clothing,473.76,2.33,1,0.4549630262461371,45.5
PROD00001991,Books,48.03,16.65,0,0.45479244694297044,45.48
PROD00001770,Clothing,396.16,1.66,1,0.4545636045289946,45.46
PROD00008359,Books,360.45,12.81,1,0.45459378618438945,45.46
PROD00009848,Home,488.86,30.25,0,0.4546300460176407,45.46
PROD00001217,Home,497.13,27.8,1,0.4542857187896444,45.43
PROD00001038,Books,429.68,47.29,0,0.45431861378458205,45.43
PROD00008151,Home,92.5,19.06,0,0.45427615252440506,45.43
PROD00004077,Toys,221.18,44.28,0,0.4542396820053434,45.42
PROD00002913,Clothing,439.17,0.53,0,0.4542074131546494,45.42
PROD00005561,Clothing,215.31,41.07,1,0.45407206618205076,45.41
PROD00001211,Electronics,359.45,25.47,0,0.4539190365485697,45.39
PROD00005882,Home,271.42,1.26,0,0.45386585609863106,45.39
PROD00008661,Books,162.9,46.24,0,0.45377271711746014,45.38
PROD00009445,Clothing,344.58,15.99,1,0.45366881140717075,45.37
PROD00006474,Books,484.76,48.0,1,0.4534966336631015,45.35
PROD00007506,Clothing,48.87,15.94,1,0.45352647391953715,45.35
PROD00008962,Clothing,226.28,2.57,1,0.4534351390897269,45.34
PROD00001688,Home,55.83,8.4,1,0.4534162387993208,45.34
PROD00004114,Toys,391.03,0.57,1,0.45296650651487086,45.3
PROD00000281,Clothing,12.83,15.24,1,0.4529414836133609,45.29
PROD00006299,Home,71.44,1.21,0,0.4527765876371627,45.28
PROD00002328,Toys,420.68,20.86,0,0.45269652290570395,45.27
PROD00005584,Home,282.87,24.14,0,0.4525536382117517,45.26
PROD00002105,Books,70.48,30.75,1,0.4523719643411581,45.24
PROD00007663,Clothing,325.52,1.85,1,0.4524213651566553,45.24
PROD00001124,Books,394.96,0.35,0,0.4524261183429679,45.24
PROD00006080,Home,470.91,24.16,0,0.45162237337307953,45.16
PROD00005955,Toys,30.71,23.93,0,0.4512282404910554,45.12
PROD00009901,Electronics,441.43,19.1,0,0.4510781639145548,45.11
PROD00004329,Home,323.26,48.45,1,0.45107774709780596,45.11
PROD00006005,Home,418.21,5.49,1,0.4508821215474224,45.09
PROD00007764,Toys,440.79,29.83,1,0.45089471125617325,45.09
PROD00009580,Home,462.04,40.52,1,0.45077176236811217,45.08
PROD00008116,Toys,468.29,36.26,1,0.4507563061086541,45.08
PROD00002665,Home,21.8,15.86,1,0.4507490359538563,45.07
PROD00004202,Books,87.46,41.16,1,0.45063486295460736,45.06
PROD00004666,Clothing,478.67,14.27,0,0.45035121743115897,45.04
PROD00006203,Electronics,353.45,45.25,0,0.45025334830620317,45.03
PROD00006011,Books,307.3,2.68,1,0.4503105529068471,45.03
PROD00001990,Electronics,147.65,37.87,1,0.45018520478781304,45.02
PROD00001814,Home,191.62,20.41,1,0.4502375239355637,45.02
PROD00002807,Electronics,224.1,17.34,0,0.4501007644735488,45.01
PROD00000011,Home,480.48,0.27,0,0.45011057246214137,45.01
PROD00002511,Home,385.06,45.49,1,0.44965433113150316,44.97
PROD00007876,Home,323.17,37.83,0,0.44961717666516243,44.96
PROD00001112,Books,251.98,32.89,1,0.44933805946425004,44.93
PROD00002287,Clothing,496.48,25.36,1,0.4489413114509438,44.89
PROD00001152,Books,390.33,30.9,0,0.44877046995253905,44.88
PROD00000484,Toys,374.84,5.54,1,0.448504224984344,44.85
PROD00007256,Toys,336.91,29.71,1,0.44850987054372593,44.85
PROD00008386,Books,314.49,26.34,0,0.44819613376468087,44.82
PROD00000979,Home,217.44,0.72,1,0.4480992125070788,44.81
PROD00009192,Electronics,230.76,7.24,0,0.4478480948585677,44.78
PROD00006956,Home,217.81,2.73,1,0.44769308982694844,44.77
PROD00001002,Books,227.42,16.56,0,0.4477179807424195,44.77
PROD00009705,Home,391.55,38.75,0,0.4474013115712223,44.74
PROD00000486,Toys,472.27,23.51,1,0.44744190658861727,44.74
PROD00009811,Electronics,62.75,24.25,1,0.44715888186958047,44.72
PROD00004817,Books,100.89,2.42,1,0.44690522121022513,44.69
PROD00002200,Home,194.49,14.54,1,0.4468253073823964,44.68
PROD00000783,Toys,80.15,14.42,0,0.44673058611058586,44.67
PROD00008956,Home,449.39,46.88,0,0.4465923996319843,44.66
PROD00002833,Toys,159.42,1.62,1,0.4464875743558205,44.65
PROD00004800,Toys,189.46,29.18,1,0.4460083775112483,44.6
PROD00005235,Toys,323.98,3.58,1,0.4459752220803262,44.6
PROD00008236,Toys,439.46,23.29,1,0.44591805758624536,44.59
PROD00001507,Home,310.89,26.73,1,0.44567489857416775,44.57
PROD00002584,Electronics,296.94,12.58,0,0.4454408378856728,44.54
PROD00006076,Electronics,272.81,14.5,0,0.4452617284914579,44.53
PROD00005827,Electronics,374.23,49.64,1,0.4448197720035726,44.48
PROD00001050,Home,111.77,33.42,1,0.4445804855221838,44.46
PROD00006480,Books,28.38,27.16,1,0.44450032234098674,44.45
PROD00005047,Clothing,209.47,12.8,0,0.44447991771534057,44.45
PROD00008590,Books,354.7,28.1,1,0.4442071620938454,44.42
PROD00004813,Electronics,325.57,21.57,1,0.44424572273795176,44.42
PROD00004113,Toys,411.07,43.5,1,0.44370206157919995,44.37
PROD00008103,Clothing,479.4,41.71,1,0.4434527556194089,44.35
PROD00007640,Books,235.15,32.22,1,0.44343694646239823,44.34
PROD00000049,Clothing,297.62,16.9,0,0.4434383306289859,44.34
PROD00004910,Books,356.62,38.35,0,0.4433112864440961,44.33
PROD00000944,Toys,325.05,34.69,0,0.4431105989961662,44.31
PROD00008400,Home,280.76,9.48,0,0.4429766622113781,44.3
PROD00004677,Toys,178.13,13.86,0,0.44268163597828886,44.27
PROD00004194,Home,336.41,5.09,1,0.442508497231348,44.25
PROD00002342,Clothing,83.73,23.05,1,0.4424956527928202,44.25
PROD00002182,Toys,251.29,12.73,0,0.44242546426348295,44.24
PROD00002733,Home,252.11,32.27,1,0.44243296531689913,44.24
PROD00007018,Home,50.73,14.06,1,0.4422189448480718,44.22
PROD00000600,Clothing,392.78,24.08,1,0.4419823996916692,44.2
PROD00008123,Home,435.51,7.98,1,0.4420442960618774,44.2
PROD00001614,Toys,23.62,19.11,1,0.441831008071486,44.18
PROD00000125,Home,247.46,19.97,0,0.4414743148817857,44.15
PROD00000263,Books,365.3,25.2,1,0.4413409536259621,44.13
PROD00000953,Home,96.69,5.61,0,0.4412959378508533,44.13
PROD00007553,Home,292.0,10.15,0,0.4410686746973505,44.11
PROD00006136,Electronics,229.5,41.48,0,0.44111880070959897,44.11
PROD00000259,Electronics,35.8,9.85,0,0.4409873419811967,44.1
PROD00005712,Home,155.42,27.17,0,0.44081928203734394,44.08
PROD00008466,Clothing,206.25,36.94,1,0.440818525631349,44.08
PROD00001482,Home,458.88,39.0,1,0.44066273764944797,44.07
PROD00008342,Books,207.42,20.6,1,0.4406324587799088,44.06
PROD00006151,Books,89.05,21.16,0,0.4405071900803787,44.05
PROD00005128,Home,447.27,26.38,0,0.44026663001963334,44.03
PROD00004336,Home,250.04,13.56,0,0.4399472828743114,43.99
PROD00006656,Toys,210.18,26.93,0,0.43979115051548484,43.98
PROD00001535,Home,47.71,35.39,1,0.4397629759571974,43.98
PROD00004938,Electronics,376.38,22.31,1,0.43973381036792364,43.97
PROD00009066,Home,381.87,35.01,0,0.43970149130381697,43.97
PROD00005696,Toys,121.84,48.82,0,0.43956237369288964,43.96
PROD00001475,Home,390.03,3.43,0,0.43927382143022575,43.93
PROD00007254,Electronics,26.53,32.04,0,0.4391563793842655,43.92
PROD00005350,Home,401.61,1.33,0,0.4390855800966909,43.91
PROD00006392,Electronics,463.39,48.05,1,0.43889273740807383,43.89
PROD00001624,Toys,348.04,34.24,1,0.4387832157618471,43.88
PROD00004323,Home,395.2,1.81,0,0.4387248224176467,43.87
PROD00005494,Toys,376.02,23.73,0,0.43865193769459027,43.87
PROD00006896,Electronics,143.67,40.64,0,0.43855368450495313,43.86
PROD00001334,Home,359.01,33.89,1,0.4386311570914367,43.86
PROD00000954,Electronics,218.3,44.87,1,0.4384485526993002,43.84
PROD00002001,Home,469.97,33.11,0,0.43805046288123184,43.81
PROD00008261,Home,169.06,28.39,0,0.43787134548561535,43.79
PROD00007631,Home,354.23,8.89,1,0.43777564938695546,43.78
PROD00000403,Books,394.08,26.54,0,0.4376868226079159,43.77
PROD00008007,Toys,211.14,49.88,1,0.4376295366844772,43.76
PROD00005205,Books,370.34,4.48,0,0.43749120194365104,43.75
PROD00001532,Electronics,196.61,16.21,0,0.43724155193858844,43.72
PROD00003653,Electronics,42.14,14.08,0,0.4372201972571534,43.72
PROD00009551,Clothing,169.03,7.44,1,0.437077957421951,43.71
PROD00008759,Home,491.52,5.41,0,0.43688787978958604,43.69
PROD00002186,Clothing,14.67,22.55,0,0.4368504305209805,43.69
PROD00006817,Clothing,31.43,18.09,1,0.43657286617992047,43.66
PROD00006700,Books,136.12,21.89,1,0.43663261264966063,43.66
PROD00003142,Clothing,496.23,49.69,1,0.43637559549887206,43.64
PROD00000986,Home,408.43,16.0,0,0.4362820975425869,43.63
PROD00005342,Toys,247.67,6.68,0,0.4362508427113652,43.63
PROD00007013,Books,54.23,6.12,0,0.43616052054588567,43.62
PROD00009253,Clothing,244.81,8.49,0,0.43618624249892846,43.62
PROD00002936,Toys,482.05,12.49,1,0.4361404785230061,43.61
PROD00007067,Books,119.55,46.78,1,0.43607705652176215,43.61
PROD00002087,Clothing,110.0,25.83,1,0.4359161752709828,43.59
PROD00008060,Electronics,238.18,13.48,0,0.4359294923022386,43.59
PROD00009118,Home,432.16,22.04,0,0.43566506960349183,43.57
PROD00004811,Electronics,404.87,18.04,1,0.4356661731187422,43.57
PROD00002852,Books,411.22,40.86,1,0.43538813146201133,43.54
PROD00000834,Home,258.37,33.15,1,0.4342674614470495,43.43
PROD00001264,Electronics,221.24,12.1,0,0.4339291237677807,43.39
PROD00007894,Toys,200.81,13.77,1,0.4337303548590301,43.37
PROD00005429,Books,50.01,49.43,1,0.43371026886701075,43.37
PROD00003461,Home,385.91,46.75,0,0.4336890247785639,43.37
PROD00001736,Books,458.94,42.47,0,0.4336833875374528,43.37
PROD00002121,Clothing,337.37,22.03,1,0.4334608491879455,43.35
PROD00008094,Books,26.48,18.23,0,0.43334302103842626,43.33
PROD00005935,Clothing,132.95,36.71,0,0.4331074502567875,43.31
PROD00003737,Home,324.44,18.83,1,0.43299135187759835,43.3
PROD00001122,Electronics,213.79,4.33,0,0.4327721249598777,43.28
PROD00003682,Electronics,247.31,46.99,0,0.43278883758039843,43.28
PROD00008264,Toys,343.39,16.03,0,0.4325981908665861,43.26
PROD00004011,Clothing,293.04,38.27,1,0.43260188766164803,43.26
PROD00001634,Toys,356.05,11.98,0,0.4323451659167193,43.23
PROD00007352,Books,70.78,19.61,0,0.43183182219156696,43.18
PROD00003782,Home,19.77,23.73,1,0.43174255563248337,43.17
PROD00003806,Toys,117.44,18.67,1,0.43132475977660145,43.13
PROD00009405,Electronics,469.74,16.95,0,0.4311506257686573,43.12
PROD00001613,Electronics,49.73,21.54,1,0.4309577870480223,43.1
PROD00006701,Home,102.45,2.53,1,0.4308527874847016,43.09
PROD00009394,Toys,347.03,6.37,0,0.430847681051472,43.08
PROD00001787,Home,294.89,26.62,0,0.43075553286944773,43.08
PROD00001016,Toys,320.54,19.1,0,0.430712802237666,43.07
PROD00002344,Home,481.75,8.22,1,0.43065969802965565,43.07
PROD00001765,Toys,14.49,16.45,0,0.43046749364491443,43.05
PROD00006635,Home,58.48,0.69,1,0.4303239251868255,43.03
PROD00006855,Toys,168.08,15.39,1,0.42976930714613765,42.98
PROD00004161,Books,373.18,2.23,0,0.4296495203406179,42.96
PROD00007294,Home,134.93,2.55,1,0.42954040801198096,42.95
PROD00001140,Toys,290.89,8.0,0,0.42935395855759895,42.94
PROD00004601,Books,250.86,26.6,0,0.42929023005967737,42.93
PROD00005103,Home,160.86,24.76,0,0.42921605695583187,42.92
PROD00001314,Home,196.95,27.83,0,0.4291663185829656,42.92
PROD00007090,Home,286.27,48.27,1,0.4289769512925668,42.9
PROD00003765,Toys,394.65,43.15,1,0.4290126690133107,42.9
PROD00002907,Books,339.87,46.28,1,0.42891277684900986,42.89
PROD00001514,Home,253.11,46.74,0,0.4288864185255989,42.89
PROD00003711,Books,488.88,5.19,0,0.42877618079147983,42.88
PROD00006666,Toys,92.13,37.75,0,0.4286664826512024,42.87
PROD00008174,Electronics,103.49,9.19,0,0.4286370974784995,42.86
PROD00006437,Books,154.2,47.41,0,0.4281947948822583,42.82
PROD00002290,Clothing,302.76,24.64,1,0.42765629046901776,42.77
PROD00001655,Toys,381.91,21.25,0,0.4274570330949423,42.75
PROD00003813,Books,109.16,7.66,1,0.4273722172658484,42.74
PROD00006380,Clothing,228.33,22.54,0,0.42725302731564174,42.73
PROD00009904,Clothing,283.69,13.59,1,0.4268203772382329,42.68
PROD00007478,Clothing,25.33,26.19,1,0.4265656732863861,42.66
PROD00007927,Clothing,423.13,23.21,1,0.42655042237143526,42.66
PROD00008933,Clothing,172.36,2.92,0,0.4264681797829761,42.65
PROD00000920,Home,232.67,22.7,0,0.42629975878592724,42.63
PROD00006617,Electronics,416.59,43.0,1,0.4262302518546702,42.62
PROD00008050,Home,139.77,15.14,0,0.4261348084298901,42.61
PROD00001320,Books,413.02,26.61,1,0.4261035469115403,42.61
PROD00006954,Home,289.25,24.51,1,0.42610344146515283,42.61
PROD00007776,Books,28.41,25.64,1,0.4260628063167083,42.61
PROD00003599,Toys,224.67,3.76,1,0.4256347632466732,42.56
PROD00007464,Electronics,200.96,9.45,1,0.42542762135093826,42.54
PROD00003004,Electronics,332.81,21.12,0,0.4252465660353776,42.52
PROD00004280,Home,295.56,30.64,1,0.4250779040363631,42.51
PROD00007392,Books,58.14,44.48,1,0.42492042572458083,42.49
PROD00000686,Toys,406.61,39.85,1,0.4248789161426775,42.49
PROD00001726,Clothing,479.67,5.28,1,0.42469183656431087,42.47
PROD00002239,Clothing,27.57,37.9,1,0.4242740095447132,42.43
PROD00000163,Toys,291.43,8.13,1,0.42429336916650134,42.43
PROD00006574,Toys,117.6,17.04,1,0.4240098589021761,42.4
PROD00008095,Toys,417.26,29.18,1,0.4238672776303616,42.39
PROD00009527,Toys,176.25,43.3,0,0.423828463894622,42.38
PROD00004821,Toys,46.23,6.7,1,0.4234164266508994,42.34
PROD00001007,Toys,422.42,31.84,1,0.4234391772021308,42.34
PROD00001671,Books,416.26,31.6,1,0.42302000317125804,42.3
PROD00008993,Books,125.79,47.83,1,0.42294817987898226,42.29
PROD00007189,Home,478.9,31.9,0,0.42266174873851364,42.27
PROD00004409,Electronics,398.98,30.36,0,0.4224574403255699,42.25
PROD00003587,Toys,402.64,36.68,0,0.42227688795925405,42.23
PROD00009311,Books,177.41,14.85,1,0.42214229310488,42.21
PROD00002638,Home,304.65,47.93,0,0.4217466842608594,42.17
PROD00001490,Electronics,275.51,45.33,0,0.4207639159885494,42.08
PROD00009306,Clothing,317.77,27.72,1,0.42067234186029856,42.07
PROD00007255,Home,50.47,44.94,0,0.42001179567855984,42.0
PROD00008387,Books,29.06,2.21,1,0.4198095454873706,41.98
PROD00000805,Electronics,295.21,25.46,1,0.4188517875788704,41.89
PROD00004040,Clothing,205.45,16.82,1,0.41766746849945025,41.77
PROD00002338,Toys,104.05,28.9,0,0.41746233334767135,41.75
PROD00006196,Books,446.59,35.11,1,0.4174060951479913,41.74
PROD00009769,Toys,317.47,34.39,1,0.41728972346188364,41.73
PROD00009510,Books,256.51,16.7,1,0.4167982269083084,41.68
PROD00006575,Electronics,332.17,26.01,1,0.41532686659798823,41.53
PROD00005054,Electronics,266.87,13.99,1,0.4153079027443582,41.53
PROD00006566,Toys,340.12,30.57,0,0.41527924540348854,41.53
PROD00009087,Books,124.11,34.64,1,0.4151167421431951,41.51
PROD00002013,Electronics,337.71,5.31,0,0.41501058813717073,41.5
PROD00003098,Clothing,157.49,5.96,0,0.414959385458779,41.5
PROD00001879,Toys,366.16,22.19,0,0.4145148850217057,41.45
PROD00002034,Home,39.86,38.55,0,0.41445185300547455,41.45
PROD00003487,Toys,167.65,29.25,1,0.4144402186695955,41.44
PROD00004140,Toys,460.44,43.27,0,0.4143319927716474,41.43
PROD00003761,Toys,381.68,31.46,0,0.4139219221285845,41.39
PROD00003466,Toys,17.39,36.17,0,0.413077285124179,41.31
PROD00004097,Books,279.9,27.45,0,0.4128123303360702,41.28
PROD00009447,Home,58.11,44.02,1,0.4127811264198492,41.28
PROD00007655,Electronics,145.66,2.27,0,0.4127376661917234,41.27
PROD00008570,Toys,137.68,16.96,1,0.4125947714758351,41.26
PROD00008696,Clothing,347.5,18.25,1,0.41184714662290184,41.18
PROD00005105,Books,11.14,42.95,1,0.4116862088088919,41.17
PROD00008163,Home,253.07,47.07,1,0.4113325817835791,41.13
PROD00002343,Books,367.84,2.58,0,0.4112750639027682,41.13
PROD00003929,Books,324.95,13.79,1,0.41082888315198285,41.08
PROD00009538,Clothing,105.12,20.51,0,0.4107135504375284,41.07
PROD00003390,Toys,377.46,38.78,0,0.41052842133404815,41.05
PROD00006897,Home,17.64,4.15,0,0.4104978258005634,41.05
PROD00000012,Toys,216.41,30.26,0,0.4103301331457873,41.03
PROD00002924,Electronics,217.49,16.93,1,0.41004933011666084,41.0
PROD00006827,Clothing,430.12,34.54,0,0.4093982135595342,40.94
PROD00005811,Clothing,270.36,18.23,0,0.4093617281767317,40.94
PROD00003415,Clothing,475.6,35.27,1,0.40934632172132024,40.93
PROD00003207,Electronics,73.43,32.04,1,0.409060714517604,40.91
PROD00002986,Toys,464.83,14.39,0,0.40913064847837044,40.91
PROD00002714,Books,59.35,30.71,0,0.40912202853688784,40.91
PROD00006948,Home,318.58,46.46,0,0.4084509441919313,40.85
PROD00007268,Toys,474.68,2.14,0,0.40839650927969695,40.84
PROD00000039,Toys,266.34,30.88,1,0.4080942140780807,40.81
PROD00006047,Books,60.22,18.61,0,0.4074464196650897,40.74
PROD00003008,Home,203.92,11.84,0,0.40741816930618446,40.74
PROD00003166,Books,340.82,27.6,0,0.4071791051009211,40.72
PROD00008613,Toys,112.59,31.38,0,0.40719609595331974,40.72
PROD00007814,Home,499.35,30.28,0,0.40723355619290086,40.72
PROD00001984,Books,116.64,10.8,1,0.4067989143178875,40.68
PROD00007409,Home,488.83,1.66,0,0.4060782598618729,40.61
PROD00003905,Home,103.48,46.29,0,0.4047800779311257,40.48
PROD00004645,Home,475.37,7.58,0,0.40480231764334135,40.48
PROD00003528,Home,400.25,39.38,0,0.4047263019905987,40.47
PROD00006331,Books,120.06,19.15,1,0.40434635418883763,40.43
PROD00008688,Electronics,212.18,35.96,0,0.4040950734919183,40.41
PROD00008349,Books,118.46,39.35,0,0.4039292813018653,40.39
PROD00009099,Books,156.19,34.89,1,0.40327192250983823,40.33
PROD00006439,Home,260.8,16.44,0,0.4029656206014524,40.3
PROD00001822,Home,328.86,22.83,1,0.40287489771180424,40.29
PROD00003417,Toys,115.36,40.15,1,0.40270206519302887,40.27
PROD00009256,Toys,160.18,19.94,1,0.40269374935740543,40.27
PROD00009050,Home,206.01,4.9,0,0.4020789057372907,40.21
PROD00006576,Toys,152.17,3.67,1,0.40172877725933115,40.17
PROD00004342,Electronics,410.95,19.41,0,0.40132626616350536,40.13
PROD00005860,Electronics,261.65,15.15,0,0.4011850622445013,40.12
PROD00002623,Home,321.11,31.1,1,0.40091074515156966,40.09
PROD00009451,Electronics,60.59,5.79,1,0.40072364646075526,40.07
PROD00004408,Electronics,387.51,7.5,0,0.4007442146811786,40.07
PROD00004348,Books,360.85,3.81,1,0.4005959353241119,40.06
PROD00007488,Toys,352.61,44.74,1,0.4004085719075324,40.04
PROD00002007,Toys,83.23,17.58,1,0.40002346014505596,40.0
PROD00004062,Electronics,75.23,14.2,1,0.40003118687780953,40.0
PROD00004594,Books,484.53,16.68,1,0.3994621967529492,39.95
PROD00008073,Toys,104.76,39.41,0,0.39920374594301755,39.92
PROD00007878,Home,202.86,15.58,1,0.3989262592373292,39.89
PROD00005323,Home,361.59,33.82,1,0.398626081264081,39.86
PROD00002920,Toys,334.67,9.63,1,0.3986298807406353,39.86
PROD00002596,Books,373.16,9.33,1,0.3982732471218804,39.83
PROD00003228,Books,471.97,30.64,0,0.3980439830628166,39.8
PROD00005213,Toys,87.18,17.2,0,0.39786117152667155,39.79
PROD00007214,Books,229.04,33.61,1,0.3978408648450489,39.78
PROD00000057,Books,301.68,30.59,1,0.3976978501138897,39.77
PROD00002831,Electronics,63.7,5.44,0,0.39716136359013593,39.72
PROD00008679,Toys,451.31,30.89,1,0.3969205467595472,39.69
PROD00009063,Home,273.44,37.28,0,0.3968365950948838,39.68
PROD00002716,Clothing,164.6,7.43,1,0.39671634282680573,39.67
PROD00003609,Home,204.56,34.24,1,0.39641723030058834,39.64
PROD00006318,Home,107.38,9.41,1,0.3960734171305798,39.61
PROD00001577,Books,86.22,14.62,0,0.3957479525042335,39.57
PROD00000463,Clothing,389.97,29.24,1,0.3954112289990572,39.54
PROD00003749,Books,107.58,33.96,1,0.39410517613748286,39.41
PROD00004159,Home,398.26,24.36,1,0.3941146850163026,39.41
PROD00004544,Clothing,269.9,22.3,0,0.393751295102255,39.38
PROD00005744,Books,117.27,7.49,0,0.3928884003214067,39.29
PROD00003966,Electronics,428.93,1.53,0,0.3924560143085859,39.25
PROD00006837,Clothing,455.98,24.95,0,0.39104315056630506,39.1
PROD00005445,Books,112.41,9.76,1,0.3907566978220737,39.08
PROD00009346,Toys,320.45,29.29,0,0.39079497217563697,39.08
PROD00009547,Toys,408.6,3.42,1,0.3905279709792881,39.05
PROD00001298,Books,182.15,19.52,1,0.39032617638302824,39.03
PROD00001205,Books,269.78,46.55,0,0.39016739068596445,39.02
PROD00005830,Books,334.43,18.95,0,0.3898924462776695,38.99
PROD00009261,Home,289.37,42.59,0,0.3891047529968615,38.91
PROD00006998,Books,318.96,6.9,0,0.38911533366136397,38.91
PROD00006540,Home,392.13,8.25,1,0.3886295669590344,38.86
PROD00001391,Books,235.13,8.76,1,0.38855270227799843,38.86
PROD00007291,Books,254.19,19.11,1,0.38849263191037303,38.85
PROD00007151,Home,440.18,40.65,1,0.388127381492968,38.81
PROD00002363,Toys,187.08,17.18,0,0.3880589694315809,38.81
PROD00006933,Home,208.14,24.39,0,0.3878885269738724,38.79
PROD00000254,Toys,382.22,26.81,1,0.3877321484475085,38.77
PROD00004713,Books,410.13,7.7,0,0.38763820478002836,38.76
PROD00002798,Electronics,293.66,22.61,1,0.38720909406721943,38.72
PROD00009712,Toys,288.32,21.73,1,0.386922575140254,38.69
PROD00009600,Home,58.72,17.25,1,0.38661039455632173,38.66
PROD00004074,Books,365.5,25.33,1,0.3861006497978749,38.61
PROD00001741,Clothing,167.55,26.71,1,0.3858745917405877,38.59
PROD00008242,Books,62.31,13.37,1,0.3852737520060971,38.53
PROD00001196,Toys,264.8,36.35,1,0.3851696964279571,38.52
PROD00007184,Toys,291.62,21.79,1,0.38490913918946906,38.49
PROD00003862,Home,173.02,14.03,0,0.3848953744800715,38.49
PROD00009012,Books,454.19,12.25,0,0.38439902732197107,38.44
PROD00000341,Books,392.99,35.48,1,0.38425475049829444,38.43
PROD00000010,Toys,119.0,8.72,0,0.38393739292795287,38.39
PROD00004759,Books,272.37,7.8,1,0.3838084684203364,38.38
PROD00005868,Electronics,166.6,16.76,0,0.38340947304189005,38.34
PROD00009671,Toys,470.55,46.75,1,0.38341031910634293,38.34
PROD00009525,Electronics,110.07,17.5,0,0.38319331326868905,38.32
PROD00008228,Home,379.21,16.07,0,0.38314272886174416,38.31
PROD00008766,Books,444.66,27.68,1,0.3827349567459939,38.27
PROD00002076,Toys,55.13,22.78,0,0.3825842590708294,38.26
PROD00000324,Books,255.86,6.76,0,0.3797764582830334,37.98
PROD00002074,Home,475.0,8.83,0,0.3797793105216096,37.98
PROD00003728,Electronics,195.22,7.77,0,0.37943857933154473,37.94
PROD00008265,Home,307.49,32.58,1,0.37854158991981507,37.85
PROD00004032,Home,148.1,12.1,0,0.3771543683167213,37.72
PROD00004138,Electronics,442.93,27.09,0,0.3767806500589458,37.68
PROD00007144,Books,67.61,18.1,1,0.37674066402523126,37.67
PROD00005320,Electronics,466.52,3.12,1,0.3763137496693419,37.63
PROD00008850,Books,329.03,2.59,0,0.37607229604933845,37.61
PROD00003725,Books,482.19,37.17,0,0.3759925701653894,37.6
PROD00001733,Toys,95.7,42.91,0,0.37525384396734557,37.53
PROD00005094,Home,164.0,6.09,1,0.37371093942595635,37.37
PROD00002749,Home,112.37,33.05,0,0.37316375046012373,37.32
PROD00005300,Home,484.12,2.23,1,0.37229280054001024,37.23
PROD00005628,Books,255.11,23.06,1,0.37163695390380364,37.16
PROD00002280,Books,436.2,20.96,0,0.3715223966175789,37.15
PROD00008870,Clothing,121.76,21.59,1,0.3713357081495141,37.13
PROD00009370,Home,276.67,22.55,1,0.3712106604904666,37.12
PROD00005793,Toys,253.49,43.63,1,0.36890198271072266,36.89
PROD00002994,Toys,258.35,30.01,1,0.36779448764263145,36.78
PROD00009612,Electronics,425.54,21.26,1,0.3672848261755834,36.73
PROD00001923,Books,357.79,8.08,0,0.36665122753983487,36.67
PROD00008164,Home,404.47,30.3,1,0.3652006271164825,36.52
PROD00007390,Books,442.39,8.32,0,0.36405302909958387,36.41
PROD00008744,Home,492.3,13.08,1,0.3616004358165576,36.16
PROD00006608,Home,488.85,1.85,0,0.36042441871552916,36.04
PROD00004262,Home,285.96,2.98,0,0.3602307205095958,36.02
PROD00005775,Books,231.84,5.84,0,0.359780521979037,35.98
PROD00007494,Home,371.72,13.55,0,0.35931778735356806,35.93
PROD00000216,Toys,102.7,35.21,0,0.35822655904333434,35.82
PROD00003016,Toys,79.94,0.49,1,0.356415044312103,35.64
PROD00000396,Books,460.6,15.42,0,0.3525193489769932,35.25
PROD00000566,Home,428.39,2.44,1,0.35238016963478186,35.24
PROD00004320,Toys,441.05,22.76,0,0.3522105110035227,35.22
PROD00008573,Books,475.95,35.17,1,0.35107714547363517,35.11
PROD00003251,Home,496.75,27.55,1,0.34771605679757317,34.77
PROD00002701,Toys,279.38,12.1,0,0.3464882539274137,34.65
PROD00001811,Electronics,350.64,13.76,1,0.3429203342895899,34.29
PROD00007321,Toys,202.99,26.29,0,0.3375309973399469,33.75
PROD00001245,Toys,449.45,6.72,1,0.319077941720845,31.91
